OrderID,OrderDate,Region,Category,Product,UnitPrice,Quantity,DiscountRate,GrossSales,NetSales,Cost,Profit,PaymentMethod,Month,MonthNum,Quarter
ORD-2025-1000,2025-12-08 20:07:00.350291,East,Home & Kitchen,Cookware Set,88.36,4,0.0,353.44,353.44,206.67,146.77,Credit Card,Dec,12,Q4
ORD-2025-1001,2025-04-15 03:07:21.367806,West,Apparel,T-Shirt,120.71,3,0.05,362.13,344.02,253.94,90.08,Credit Card,Apr,4,Q2
ORD-2025-1002,2025-10-23 23:55:11.759799,North,Home & Kitchen,Cookware Set,54.4,2,0.15,108.8,92.48,45.34,47.14,Debit Card,Oct,10,Q4
ORD-2025-1003,2025-08-24 13:59:29.974979,North,Apparel,T-Shirt,130.91,1,0.0,130.91,130.91,76.09,54.82,Credit Card,Aug,8,Q3
ORD-2025-1004,2025-06-21 12:37:49.891576,South,Sports & Outdoors,Bicycle,331.36,4,0.0,1325.44,1325.44,904.48,420.96,Credit Card,Jun,6,Q2
ORD-2025-1005,2025-04-13 07:24:22.218515,South,Apparel,Jacket,109.12,1,0.1,109.12,98.21,70.75,27.46,Credit Card,Apr,4,Q2
ORD-2025-1006,2025-12-19 18:24:55.246038,North,Home & Kitchen,Air Fryer,151.12,4,0.0,604.48,604.48,459.97,144.51,Credit Card,Dec,12,Q4
ORD-2025-1007,2025-09-02 02:00:06.005004,East,Home & Kitchen,Air Fryer,261.11,3,0.05,783.33,744.16,485.0,259.16,Credit Card,Sep,9,Q3
ORD-2025-1008,2025-09-19 23:52:47.639699,East,Beauty & Care,Skincare Set,61.04,4,0.15,244.16,207.54,124.59,82.95,UPI / Wallet,Sep,9,Q3
ORD-2025-1009,2025-06-25 04:03:48.190158,East,Electronics,Laptop,1065.03,2,0.0,2130.06,2130.06,1433.77,696.29,Cash on Delivery,Jun,6,Q2
ORD-2025-1010,2025-07-11 20:47:50.391993,West,Electronics,Headphones,157.3,4,0.0,629.2,629.2,459.01,170.19,Credit Card,Jul,7,Q3
ORD-2025-1011,2025-12-11 20:58:38.932443,North,Apparel,T-Shirt,132.93,3,0.05,398.79,378.85,238.37,140.48,Credit Card,Dec,12,Q4
ORD-2025-1012,2025-04-27 13:51:05.554628,North,Apparel,Jacket,177.78,3,0.0,533.34,533.34,287.5,245.84,UPI / Wallet,Apr,4,Q2
ORD-2025-1013,2025-03-01 19:21:22.068390,South,Electronics,Laptop,486.82,3,0.1,1460.46,1314.41,706.03,608.38,Credit Card,Mar,3,Q1
ORD-2025-1014,2025-05-29 03:36:10.809007,East,Apparel,T-Shirt,77.87,3,0.0,233.61,233.61,169.95,63.66,Cash on Delivery,May,5,Q2
ORD-2025-1015,2025-09-25 03:44:35.229357,North,Beauty & Care,Skincare Set,54.92,3,0.15,164.76,140.05,92.24,47.81,Debit Card,Sep,9,Q3
ORD-2025-1016,2025-07-10 08:22:01.100917,North,Beauty & Care,Perfume,114.01,2,0.0,228.02,228.02,140.32,87.7,UPI / Wallet,Jul,7,Q3
ORD-2025-1017,2025-10-18 05:29:04.453711,North,Electronics,Smartwatch,399.11,1,0.0,399.11,399.11,246.35,152.76,UPI / Wallet,Oct,10,Q4
ORD-2025-1018,2025-05-23 09:10:03.502919,North,Sports & Outdoors,Bicycle,265.95,1,0.0,265.95,265.95,149.8,116.15,Credit Card,May,5,Q2
ORD-2025-1019,2025-06-15 18:11:42.585487,East,Electronics,Smartwatch,1137.48,5,0.0,5687.4,5687.4,2786.85,2900.55,Cash on Delivery,Jun,6,Q2
ORD-2025-1020,2025-10-29 03:46:59.349457,North,Sports & Outdoors,Yoga Mat,186.69,2,0.15,373.38,317.37,240.84,76.53,Credit Card,Oct,10,Q4
ORD-2025-1021,2025-09-16 23:01:09.057547,South,Home & Kitchen,Coffee Maker,256.07,5,0.0,1280.35,1280.35,837.43,442.92,Credit Card,Sep,9,Q3
ORD-2025-1022,2025-05-04 13:25:52.293577,West,Apparel,Jeans,148.74,4,0.15,594.96,505.72,390.27,115.45,UPI / Wallet,May,5,Q2
ORD-2025-1023,2025-08-09 09:41:17.064220,East,Home & Kitchen,Blender,300.07,2,0.1,600.14,540.13,362.94,177.19,Credit Card,Aug,8,Q3
ORD-2025-1024,2025-10-29 03:46:59.349457,West,Beauty & Care,Makeup Kit,39.44,3,0.05,118.32,112.4,63.19,49.21,Cash on Delivery,Oct,10,Q4
ORD-2025-1025,2025-07-12 18:39:19.966638,East,Home & Kitchen,Blender,270.65,1,0.05,270.65,257.12,196.06,61.06,Cash on Delivery,Jul,7,Q3
ORD-2025-1026,2025-09-01 04:08:36.430358,North,Electronics,Smartwatch,1131.34,5,0.0,5656.7,5656.7,3991.82,1664.88,Credit Card,Sep,9,Q3
ORD-2025-1027,2025-10-30 08:55:38.782318,North,Sports & Outdoors,Dumbbell Set,91.27,2,0.1,182.54,164.29,88.38,75.91,Credit Card,Oct,10,Q4
ORD-2025-1028,2025-04-19 01:50:29.524603,South,Apparel,Sneakers,32.02,1,0.05,32.02,30.42,17.49,12.93,UPI / Wallet,Apr,4,Q2
ORD-2025-1029,2025-04-12 16:50:02.502085,East,Electronics,Smartwatch,765.06,1,0.1,765.06,688.55,367.55,321.0,UPI / Wallet,Apr,4,Q2
ORD-2025-1030,2025-12-28 13:42:41.134278,West,Beauty & Care,Skincare Set,29.44,1,0.05,29.44,27.97,18.58,9.39,UPI / Wallet,Dec,12,Q4
ORD-2025-1031,2025-11-06 23:04:45.237698,West,Electronics,Headphones,274.07,5,0.2,1370.35,1096.28,674.88,421.4,Credit Card,Nov,11,Q4
ORD-2025-1032,2025-10-06 23:53:59.699749,West,Electronics,Headphones,583.25,5,0.0,2916.25,2916.25,1679.9,1236.35,UPI / Wallet,Oct,10,Q4
ORD-2025-1033,2025-09-20 21:44:17.214345,North,Electronics,Laptop,680.51,4,0.2,2722.04,2177.63,1145.12,1032.51,Credit Card,Sep,9,Q3
ORD-2025-1034,2025-08-06 16:06:48.340283,East,Beauty & Care,Hair Dryer,80.24,5,0.1,401.2,361.08,195.9,165.18,Debit Card,Aug,8,Q3
ORD-2025-1035,2025-02-02 18:53:44.687239,West,Apparel,Jeans,33.66,4,0.05,134.64,127.91,67.65,60.26,Debit Card,Feb,2,Q1
ORD-2025-1036,2025-12-30 09:25:40.283569,East,Apparel,Jacket,134.47,5,0.0,672.35,672.35,360.49,311.86,Cash on Delivery,Dec,12,Q4
ORD-2025-1037,2025-03-07 13:47:29.374478,East,Beauty & Care,Perfume,90.51,3,0.0,271.53,271.53,171.66,99.87,Credit Card,Mar,3,Q1
ORD-2025-1038,2025-11-25 04:14:36.730608,East,Sports & Outdoors,Bicycle,178.07,1,0.0,178.07,178.07,110.67,67.4,Credit Card,Nov,11,Q4
ORD-2025-1039,2025-01-18 07:18:21.918265,North,Sports & Outdoors,Yoga Mat,125.05,3,0.2,375.15,300.12,187.0,113.12,UPI / Wallet,Jan,1,Q1
ORD-2025-1040,2025-12-20 23:33:34.678899,South,Sports & Outdoors,Dumbbell Set,428.43,4,0.0,1713.72,1713.72,1164.13,549.59,Credit Card,Dec,12,Q4
ORD-2025-1041,2025-07-24 22:05:54.295246,South,Apparel,T-Shirt,37.05,1,0.0,37.05,37.05,24.33,12.72,UPI / Wallet,Jul,7,Q3
ORD-2025-1042,2025-08-16 23:50:23.519599,North,Home & Kitchen,Blender,220.16,2,0.05,440.32,418.3,305.59,112.71,Credit Card,Aug,8,Q3
ORD-2025-1043,2025-04-24 05:42:17.114261,West,Electronics,Headphones,773.84,2,0.0,1547.68,1547.68,1145.04,402.64,Credit Card,Apr,4,Q2
ORD-2025-1044,2025-09-07 13:09:03.452877,West,Electronics,Laptop,1199.7,2,0.0,2399.4,2399.4,1697.99,701.41,,Sep,9,Q3
ORD-2025-1045,2025-01-01 00:00:00.000000,West,Sports & Outdoors,Water Bottle,64.4,2,0.0,128.8,128.8,82.06,46.74,Debit Card,Jan,1,Q1
ORD-2025-1046,2025-03-23 01:22:52.143452,West,Beauty & Care,Skincare Set,68.0,5,0.05,340.0,323.0,183.71,139.29,Credit Card,Mar,3,Q1
ORD-2025-1047,2025-08-20 15:16:21.818181,West,Apparel,Sneakers,111.0,1,0.1,111.0,99.9,66.04,33.86,UPI / Wallet,Aug,8,Q3
ORD-2025-1048,2025-01-25 06:53:08.657214,West,Beauty & Care,Perfume,65.91,5,0.0,329.55,329.55,236.37,93.18,UPI / Wallet,Jan,1,Q1
ORD-2025-1049,2025-02-03 09:28:04.403669,North,Home & Kitchen,Coffee Maker,255.92,3,0.05,767.76,729.37,531.2,198.17,,Feb,2,Q1
ORD-2025-1050,2025-11-09 02:04:54.245204,South,Apparel,Jacket,110.05,1,0.05,110.05,104.55,59.89,44.66,Credit Card,Nov,11,Q4
ORD-2025-1051,2025-03-17 06:56:44.837364,South,Home & Kitchen,Air Fryer,309.17,4,0.0,1236.68,1236.68,827.16,409.52,UPI / Wallet,Mar,3,Q1
ORD-2025-1052,2025-05-24 14:18:42.935779,East,Apparel,Jacket,47.9,3,0.05,143.7,136.51,102.09,34.42,Credit Card,May,5,Q2
ORD-2025-1053,2025-08-13 01:07:15.362802,South,Electronics,Headphones,546.15,4,0.0,2184.6,2184.6,1479.24,705.36,UPI / Wallet,Aug,8,Q3
ORD-2025-1054,2025-01-21 00:52:50.642201,East,Apparel,Jeans,139.21,2,0.0,278.42,278.42,186.84,91.58,UPI / Wallet,Jan,1,Q1
ORD-2025-1055,2025-04-06 07:49:35.479566,West,Sports & Outdoors,Yoga Mat,84.9,3,0.0,254.7,254.7,137.09,117.61,Credit Card,Apr,4,Q2
ORD-2025-1056,2025-12-19 03:50:35.529608,North,Home & Kitchen,Air Fryer,74.73,4,0.0,298.92,298.92,145.72,153.2,UPI / Wallet,Dec,12,Q4
ORD-2025-1057,2025-10-15 04:37:25.871559,West,Apparel,Jeans,98.88,4,0.0,395.52,395.52,248.27,147.25,Credit Card,Oct,10,Q4
ORD-2025-1058,2025-06-19 09:37:40.884070,East,Sports & Outdoors,Dumbbell Set,161.42,2,0.05,322.84,306.7,188.72,117.98,,Jun,6,Q2
ORD-2025-1059,2025-12-28 13:42:41.134278,West,Electronics,Headphones,865.58,1,0.15,865.58,735.74,409.22,326.52,Credit Card,Dec,12,Q4
ORD-2025-1060,2025-04-24 20:16:36.830692,West,Apparel,T-Shirt,168.6,3,0.1,505.8,455.22,327.54,127.68,Credit Card,Apr,4,Q2
ORD-2025-1061,2025-08-08 19:06:57.347789,North,Home & Kitchen,Air Fryer,138.02,3,0.05,414.06,393.36,243.12,150.24,Credit Card,Aug,8,Q3
ORD-2025-1062,2025-10-29 03:46:59.349457,North,Electronics,Headphones,553.09,3,0.05,1659.27,1576.31,1071.15,505.16,Credit Card,Oct,10,Q4
ORD-2025-1063,2025-11-12 02:56:32.827356,West,Electronics,Smartwatch,928.53,3,0.1,2785.59,2507.03,1930.26,576.77,UPI / Wallet,Nov,11,Q4
ORD-2025-1064,2025-06-06 15:36:46.839032,West,Electronics,Smartphone,1012.32,5,0.05,5061.6,4808.52,3049.05,1759.47,Credit Card,Jun,6,Q2
ORD-2025-1065,2025-02-09 03:54:11.709758,North,Home & Kitchen,Air Fryer,225.7,2,0.15,451.4,383.69,281.63,102.06,UPI / Wallet,Feb,2,Q1
ORD-2025-1066,2025-10-18 12:46:14.311926,North,Electronics,Headphones,912.4,5,0.1,4562.0,4105.8,3014.64,1091.16,UPI / Wallet,Oct,10,Q4
ORD-2025-1067,2025-11-04 12:47:26.371976,North,Electronics,Smartphone,1106.22,1,0.0,1106.22,1106.22,759.49,346.73,Credit Card,Nov,11,Q4
ORD-2025-1068,2025-07-20 08:48:26.422018,South,Sports & Outdoors,Yoga Mat,195.31,2,0.15,390.62,332.03,224.48,107.55,Credit Card,Jul,7,Q3
ORD-2025-1069,2025-05-07 14:17:30.875729,West,Home & Kitchen,Air Fryer,94.68,1,0.0,94.68,94.68,57.36,37.32,UPI / Wallet,May,5,Q2
ORD-2025-1070,2025-02-17 01:20:28.023352,North,Electronics,Headphones,1174.32,1,0.0,1174.32,1174.32,806.78,367.54,Credit Card,Feb,2,Q1
ORD-2025-1071,2025-05-12 18:09:18.465387,North,Home & Kitchen,Coffee Maker,51.33,2,0.0,102.66,102.66,58.08,44.58,UPI / Wallet,May,5,Q2
ORD-2025-1072,2025-06-02 02:19:18.965804,South,Apparel,Sneakers,49.06,2,0.0,98.12,98.12,57.58,40.54,Credit Card,Jun,6,Q2
ORD-2025-1073,2025-01-27 02:36:07.806505,West,Apparel,Jeans,29.2,5,0.05,146.0,138.7,94.07,44.63,UPI / Wallet,Jan,1,Q1
ORD-2025-1074,2025-11-23 01:14:27.723102,East,Apparel,Jeans,136.95,5,0.0,684.75,684.75,450.62,234.13,Credit Card,Nov,11,Q4
ORD-2025-1075,2025-01-02 19:42:59.149291,East,Electronics,Headphones,1040.53,1,0.1,1040.53,936.48,634.42,302.06,Credit Card,Jan,1,Q1
ORD-2025-1076,2025-08-03 07:57:59.899916,East,Beauty & Care,Makeup Kit,63.61,4,0.2,254.44,203.55,111.15,92.4,Credit Card,Aug,8,Q3
ORD-2025-1077,2025-12-25 12:51:02.552126,South,Electronics,Smartphone,173.59,3,0.0,520.77,520.77,385.53,135.24,Cash on Delivery,Dec,12,Q4
ORD-2025-1078,2025-07-04 21:13:03.653044,North,Home & Kitchen,Coffee Maker,218.72,1,0.0,218.72,218.72,123.34,95.38,Credit Card,Jul,7,Q3
ORD-2025-1079,2025-04-14 12:33:01.651376,North,Electronics,Headphones,1067.58,5,0.1,5337.9,4804.11,3164.4,1639.71,Debit Card,Apr,4,Q2
ORD-2025-1080,2025-02-09 03:54:11.709758,North,Home & Kitchen,Blender,116.06,4,0.1,464.24,417.82,288.66,129.16,UPI / Wallet,Feb,2,Q1
ORD-2025-1081,2025-01-30 10:44:56.246872,South,Sports & Outdoors,Water Bottle,37.37,3,0.05,112.11,106.5,72.39,34.11,Debit Card,Jan,1,Q1
ORD-2025-1082,2025-01-22 20:35:49.791492,North,Electronics,Laptop,670.27,5,0.0,3351.35,3351.35,1641.12,1710.23,Credit Card,Jan,1,Q1
ORD-2025-1083,2025-06-08 18:36:55.846538,South,Beauty & Care,Hair Dryer,64.6,3,0.1,193.8,174.42,93.84,80.58,UPI / Wallet,Jun,6,Q2
ORD-2025-1084,2025-04-24 05:42:17.114261,East,Electronics,Smartphone,663.9,2,0.05,1327.8,1261.41,605.72,655.69,UPI / Wallet,Apr,4,Q2
ORD-2025-1085,2025-12-03 16:15:12.760633,West,Sports & Outdoors,Bicycle,221.28,4,0.1,885.12,796.61,545.1,251.51,Debit Card,Dec,12,Q4
ORD-2025-1086,2025-12-25 20:08:12.410341,South,Beauty & Care,Makeup Kit,64.1,1,0.05,64.1,60.89,35.41,25.48,UPI / Wallet,Dec,12,Q4
ORD-2025-1087,2025-12-26 10:42:32.126772,West,Apparel,T-Shirt,28.78,5,0.0,143.9,143.9,71.98,71.92,Credit Card,Dec,12,Q4
ORD-2025-1088,2025-09-04 19:34:34.728940,South,Electronics,Laptop,189.48,1,0.0,189.48,189.48,118.09,71.39,UPI / Wallet,Sep,9,Q3
ORD-2025-1089,2025-01-01 14:34:19.716430,South,Apparel,T-Shirt,116.31,1,0.0,116.31,116.31,86.38,29.93,Cash on Delivery,Jan,1,Q1
ORD-2025-1090,2025-01-19 05:09:51.492910,North,Beauty & Care,Perfume,110.37,4,0.0,441.48,441.48,291.17,150.31,Debit Card,Jan,1,Q1
ORD-2025-1091,2025-09-26 08:53:14.662218,West,Apparel,Jeans,59.18,5,0.05,295.9,281.1,201.02,80.08,UPI / Wallet,Sep,9,Q3
ORD-2025-1092,2025-11-13 15:22:22.118432,West,Sports & Outdoors,Bicycle,369.89,5,0.0,1849.45,1849.45,1144.64,704.81,UPI / Wallet,Nov,11,Q4
ORD-2025-1093,2025-10-16 17:03:15.162635,North,Beauty & Care,Skincare Set,100.95,5,0.1,504.75,454.28,315.99,138.29,Credit Card,Oct,10,Q4
ORD-2025-1094,2025-01-12 05:35:04.753961,North,Sports & Outdoors,Water Bottle,48.12,1,0.0,48.12,48.12,24.79,23.33,UPI / Wallet,Jan,1,Q1
ORD-2025-1095,2025-02-04 14:36:43.836530,West,Apparel,T-Shirt,66.39,1,0.0,66.39,66.39,48.59,17.8,Credit Card,Feb,2,Q1
ORD-2025-1096,2025-06-18 19:03:21.167639,East,Apparel,T-Shirt,141.67,3,0.15,425.01,361.26,281.23,80.03,Debit Card,Jun,6,Q2
ORD-2025-1097,2025-01-25 14:10:18.515429,West,Sports & Outdoors,Yoga Mat,258.53,2,0.05,517.06,491.21,303.57,187.64,Debit Card,Jan,1,Q1
ORD-2025-1098,2025-05-22 11:18:33.928273,East,Apparel,Jacket,77.99,4,0.0,311.96,311.96,171.19,140.77,Cash on Delivery,May,5,Q2
ORD-2025-1099,2025-02-27 23:38:22.919099,East,Electronics,Smartphone,647.25,5,0.0,3236.25,3236.25,1895.56,1340.69,UPI / Wallet,Feb,2,Q1
ORD-2025-1100,2025-05-20 08:18:24.920767,North,Home & Kitchen,Blender,278.83,2,0.2,557.66,446.13,290.94,155.19,UPI / Wallet,May,5,Q2
ORD-2025-1101,2025-01-12 12:52:14.612176,South,Sports & Outdoors,Yoga Mat,72.13,3,0.2,216.39,173.11,127.18,45.93,,Jan,1,Q1
ORD-2025-1102,2025-01-07 01:43:17.164303,West,Sports & Outdoors,Bicycle,154.52,2,0.0,309.04,309.04,238.16,70.88,UPI / Wallet,Jan,1,Q1
ORD-2025-1103,2025-05-30 01:27:40.383653,South,Beauty & Care,Perfume,65.37,3,0.1,196.11,176.5,122.09,54.41,Cash on Delivery,May,5,Q2
ORD-2025-1104,2025-04-25 10:50:56.547122,East,Electronics,Smartphone,273.17,1,0.0,273.17,273.17,159.68,113.49,Credit Card,Apr,4,Q2
ORD-2025-1105,2025-04-27 21:08:15.412844,East,Home & Kitchen,Cookware Set,62.46,3,0.05,187.38,178.01,92.91,85.1,Debit Card,Apr,4,Q2
ORD-2025-1106,2025-08-25 04:33:49.691409,South,Electronics,Laptop,257.93,1,0.05,257.93,245.03,190.41,54.62,Credit Card,Aug,8,Q3
ORD-2025-1107,2025-01-01 07:17:09.858215,South,Electronics,Laptop,236.63,2,0.05,473.26,449.6,242.7,206.9,Credit Card,Jan,1,Q1
ORD-2025-1108,2025-09-26 23:27:34.378648,East,Home & Kitchen,Blender,330.23,2,0.15,660.46,561.39,278.33,283.06,UPI / Wallet,Sep,9,Q3
ORD-2025-1109,2025-12-03 01:40:53.044203,South,Home & Kitchen,Air Fryer,209.75,3,0.0,629.25,629.25,459.86,169.39,Credit Card,Dec,12,Q4
ORD-2025-1110,2025-10-24 14:29:31.476230,North,Beauty & Care,Skincare Set,67.02,5,0.1,335.1,301.59,175.64,125.95,UPI / Wallet,Oct,10,Q4
ORD-2025-1111,2025-10-05 04:11:00.550458,East,Sports & Outdoors,Water Bottle,110.94,1,0.1,110.94,99.85,72.67,27.18,Cash on Delivery,Oct,10,Q4
ORD-2025-1112,2025-10-18 05:29:04.453711,West,Sports & Outdoors,Water Bottle,238.59,1,0.0,238.59,238.59,134.19,104.4,UPI / Wallet,Oct,10,Q4
ORD-2025-1113,2025-06-25 04:03:48.190158,East,Beauty & Care,Perfume,55.92,2,0.05,111.84,106.25,59.51,46.74,Credit Card,Jun,6,Q2
ORD-2025-1114,2025-01-31 01:19:15.963302,West,Apparel,T-Shirt,104.46,4,0.0,417.84,417.84,251.59,166.25,UPI / Wallet,Jan,1,Q1
ORD-2025-1115,2025-12-03 01:40:53.044203,East,Electronics,Headphones,477.76,4,0.0,1911.04,1911.04,934.6,976.44,UPI / Wallet,Dec,12,Q4
ORD-2025-1116,2025-11-10 14:30:43.536280,North,Apparel,Jacket,153.48,1,0.0,153.48,153.48,103.17,50.31,Credit Card,Nov,11,Q4
ORD-2025-1117,2025-12-10 01:15:39.783152,East,Sports & Outdoors,Water Bottle,392.7,4,0.05,1570.8,1492.26,1148.66,343.6,Cash on Delivery,Dec,12,Q4
ORD-2025-1118,2025-10-21 20:55:02.752293,South,Beauty & Care,Perfume,113.39,1,0.05,113.39,107.72,61.78,45.94,Credit Card,Oct,10,Q4
ORD-2025-1119,2025-03-15 03:56:35.829858,West,Home & Kitchen,Coffee Maker,309.05,2,0.0,618.1,618.1,383.42,234.68,Credit Card,Mar,3,Q1
ORD-2025-1120,2025-04-04 04:49:26.472060,East,Apparel,T-Shirt,175.34,5,0.2,876.7,701.36,493.34,208.02,UPI / Wallet,Apr,4,Q2
ORD-2025-1121,2025-12-13 16:41:38.081734,West,Apparel,Sneakers,120.77,1,0.05,120.77,114.73,66.2,48.53,Credit Card,Dec,12,Q4
ORD-2025-1122,2025-11-23 15:48:47.439532,East,Electronics,Smartphone,516.0,1,0.15,516.0,438.6,239.16,199.44,UPI / Wallet,Nov,11,Q4
ORD-2025-1123,2025-05-29 03:36:10.809007,North,Apparel,Jacket,168.48,3,0.15,505.44,429.62,286.68,142.94,Credit Card,May,5,Q2
ORD-2025-1124,2025-05-18 19:52:35.629691,North,Electronics,Smartwatch,790.32,1,0.0,790.32,790.32,612.97,177.35,UPI / Wallet,May,5,Q2
ORD-2025-1125,2025-10-21 13:37:52.894078,East,Apparel,Sneakers,83.87,5,0.1,419.35,377.42,282.06,95.36,Credit Card,Oct,10,Q4
ORD-2025-1126,2025-04-02 23:40:47.039199,East,Beauty & Care,Makeup Kit,91.81,5,0.1,459.05,413.15,268.85,144.3,Debit Card,Apr,4,Q2
ORD-2025-1127,2025-12-13 02:07:18.365304,West,Electronics,Smartwatch,1123.39,5,0.05,5616.95,5336.1,3324.79,2011.31,UPI / Wallet,Dec,12,Q4
ORD-2025-1128,2025-08-16 16:33:13.661384,South,Apparel,T-Shirt,86.99,4,0.0,347.96,347.96,216.59,131.37,UPI / Wallet,Aug,8,Q3
ORD-2025-1129,2025-04-05 09:58:05.904920,East,Sports & Outdoors,Dumbbell Set,177.48,5,0.05,887.4,843.03,416.94,426.09,UPI / Wallet,Apr,4,Q2
ORD-2025-1130,2025-12-13 09:24:28.223519,South,Beauty & Care,Skincare Set,56.08,1,0.0,56.08,56.08,30.61,25.47,Credit Card,Dec,12,Q4
ORD-2025-1131,2025-06-10 21:37:04.854045,West,Apparel,Jacket,121.7,3,0.15,365.1,310.34,198.04,112.3,UPI / Wallet,Jun,6,Q2
ORD-2025-1132,2025-07-20 16:05:36.280233,North,Home & Kitchen,Cookware Set,119.63,1,0.2,119.63,95.7,70.73,24.97,UPI / Wallet,Jul,7,Q3
ORD-2025-1133,2025-07-13 01:56:29.824854,East,Electronics,Headphones,1190.82,5,0.0,5954.1,5954.1,4491.19,1462.91,Debit Card,Jul,7,Q3
ORD-2025-1134,2025-01-22 20:35:49.791492,South,Home & Kitchen,Coffee Maker,200.91,3,0.05,602.73,572.59,400.04,172.55,UPI / Wallet,Jan,1,Q1
ORD-2025-1135,2025-01-21 00:52:50.642201,South,Sports & Outdoors,Dumbbell Set,257.64,2,0.0,515.28,515.28,350.35,164.93,UPI / Wallet,Jan,1,Q1
ORD-2025-1136,2025-05-18 05:18:15.913261,North,Electronics,Headphones,712.62,4,0.2,2850.48,2280.38,1453.82,826.56,Credit Card,May,5,Q2
ORD-2025-1137,2025-04-16 08:16:00.800667,West,Sports & Outdoors,Water Bottle,286.26,2,0.1,572.52,515.27,268.25,247.02,UPI / Wallet,Apr,4,Q2
ORD-2025-1138,2025-05-20 08:18:24.920767,East,Apparel,Jacket,71.98,3,0.0,215.94,215.94,135.41,80.53,Debit Card,May,5,Q2
ORD-2025-1139,2025-04-05 02:40:56.046705,North,Home & Kitchen,Air Fryer,104.64,2,0.05,209.28,198.82,114.86,83.96,UPI / Wallet,Apr,4,Q2
ORD-2025-1140,2025-02-10 09:02:51.142618,North,Beauty & Care,Perfume,89.5,4,0.05,358.0,340.1,170.11,169.99,UPI / Wallet,Feb,2,Q1
ORD-2025-1141,2025-03-18 12:05:24.270225,West,Beauty & Care,Hair Dryer,37.48,1,0.1,37.48,33.73,19.57,14.16,Credit Card,Mar,3,Q1
ORD-2025-1142,2025-10-06 02:02:30.125104,North,Electronics,Headphones,1161.27,4,0.0,4645.08,4645.08,3475.92,1169.16,UPI / Wallet,Oct,10,Q4
ORD-2025-1143,2025-01-13 18:00:54.045037,East,Beauty & Care,Hair Dryer,65.98,3,0.1,197.94,178.15,105.85,72.3,Credit Card,Jan,1,Q1
ORD-2025-1144,2025-10-26 02:55:20.767306,North,Home & Kitchen,Blender,71.32,4,0.05,285.28,271.02,192.79,78.23,Credit Card,Oct,10,Q4
ORD-2025-1145,2025-09-06 15:17:33.878231,North,Beauty & Care,Makeup Kit,60.48,3,0.0,181.44,181.44,118.98,62.46,Debit Card,Sep,9,Q3
ORD-2025-1146,2025-07-01 05:47:05.354462,West,Apparel,Sneakers,27.97,5,0.0,139.85,139.85,108.57,31.28,Credit Card,Jul,7,Q3
ORD-2025-1147,2025-04-13 07:24:22.218515,North,Beauty & Care,Skincare Set,104.44,2,0.0,208.88,208.88,108.74,100.14,Credit Card,Apr,4,Q2
ORD-2025-1148,2025-06-30 00:38:25.921601,South,Electronics,Laptop,564.2,1,0.05,564.2,535.99,266.47,269.52,Debit Card,Jun,6,Q2
ORD-2025-1149,2025-01-09 12:00:36.030025,North,Apparel,Sneakers,146.08,1,0.05,146.08,138.78,105.47,33.31,UPI / Wallet,Jan,1,Q1
ORD-2025-1150,2025-05-22 11:18:33.928273,North,Beauty & Care,Skincare Set,94.62,3,0.0,283.86,283.86,220.38,63.48,Cash on Delivery,May,5,Q2
ORD-2025-1151,2025-03-25 18:57:20.867389,South,Beauty & Care,Hair Dryer,55.48,5,0.05,277.4,263.53,145.12,118.41,Credit Card,Mar,3,Q1
ORD-2025-1152,2025-10-28 20:29:49.491242,South,Electronics,Headphones,971.61,4,0.05,3886.44,3692.12,2021.84,1670.28,UPI / Wallet,Oct,10,Q4
ORD-2025-1153,2025-04-25 10:50:56.547122,South,Apparel,Sneakers,70.39,4,0.0,281.56,281.56,215.92,65.64,Credit Card,Apr,4,Q2
ORD-2025-1154,2025-02-25 06:03:54.195162,North,Home & Kitchen,Coffee Maker,332.35,3,0.15,997.05,847.49,496.85,350.64,Credit Card,Feb,2,Q1
ORD-2025-1155,2025-01-12 12:52:14.612176,West,Electronics,Headphones,414.85,4,0.0,1659.4,1659.4,1135.0,524.4,Debit Card,Jan,1,Q1
ORD-2025-1156,2025-06-11 19:28:34.428690,South,Sports & Outdoors,Dumbbell Set,227.45,4,0.1,909.8,818.82,505.48,313.34,UPI / Wallet,Jun,6,Q2
ORD-2025-1157,2025-07-30 23:49:11.459549,East,Home & Kitchen,Air Fryer,237.25,2,0.05,474.5,450.78,241.83,208.95,UPI / Wallet,Jul,7,Q3
ORD-2025-1158,2025-06-06 01:02:27.122602,West,Home & Kitchen,Cookware Set,136.39,3,0.0,409.17,409.17,275.53,133.64,Debit Card,Jun,6,Q2
ORD-2025-1159,2025-06-01 11:44:59.249374,South,Apparel,Sneakers,154.07,4,0.0,616.28,616.28,453.17,163.11,Credit Card,Jun,6,Q2
ORD-2025-1160,2025-12-08 05:32:40.633861,North,Sports & Outdoors,Water Bottle,194.49,5,0.0,972.45,972.45,709.82,262.63,Credit Card,Dec,12,Q4
ORD-2025-1161,2025-10-13 08:54:26.722268,North,Beauty & Care,Skincare Set,76.15,2,0.05,152.3,144.68,86.71,57.97,Credit Card,Oct,10,Q4
ORD-2025-1162,2025-10-05 11:28:10.408673,South,Home & Kitchen,Coffee Maker,344.41,3,0.0,1033.23,1033.23,760.21,273.02,Credit Card,Oct,10,Q4
ORD-2025-1163,2025-05-26 17:18:51.943286,North,Beauty & Care,Skincare Set,113.31,1,0.05,113.31,107.64,67.94,39.7,Credit Card,May,5,Q2
ORD-2025-1164,2025-05-01 19:51:23.569641,South,Beauty & Care,Hair Dryer,76.55,3,0.0,229.65,229.65,177.46,52.19,Debit Card,May,5,Q2
ORD-2025-1165,2025-08-04 05:49:29.474562,South,Sports & Outdoors,Bicycle,381.24,5,0.0,1906.2,1906.2,1237.97,668.23,Cash on Delivery,Aug,8,Q3
ORD-2025-1166,2025-04-18 18:33:19.666388,North,Beauty & Care,Perfume,92.95,4,0.0,371.8,371.8,245.52,126.28,Cash on Delivery,Apr,4,Q2
ORD-2025-1167,2025-10-26 17:29:40.483736,West,Beauty & Care,Perfume,110.63,2,0.1,221.26,199.13,139.3,59.83,Credit Card,Oct,10,Q4
ORD-2025-1168,2025-06-30 15:12:45.638031,East,Home & Kitchen,Blender,279.28,3,0.2,837.84,670.27,410.17,260.1,Cash on Delivery,Jun,6,Q2
ORD-2025-1169,2025-05-30 01:27:40.383653,East,Electronics,Laptop,1180.36,3,0.0,3541.08,3541.08,1755.98,1785.1,Cash on Delivery,May,5,Q2
ORD-2025-1170,2025-05-15 19:00:57.047539,North,Apparel,Jacket,63.9,5,0.0,319.5,319.5,210.49,109.01,,May,5,Q2
ORD-2025-1171,2025-05-09 02:43:20.166805,East,Electronics,Smartphone,235.81,1,0.05,235.81,224.02,143.67,80.35,Credit Card,May,5,Q2
ORD-2025-1172,2025-07-13 01:56:29.824854,East,Beauty & Care,Makeup Kit,117.81,1,0.0,117.81,117.81,82.75,35.06,Credit Card,Jul,7,Q3
ORD-2025-1173,2025-04-26 23:16:45.838198,East,Beauty & Care,Perfume,36.16,5,0.0,180.8,180.8,87.6,93.2,Debit Card,Apr,4,Q2
ORD-2025-1174,2025-05-16 09:35:16.763969,East,Home & Kitchen,Cookware Set,287.49,3,0.0,862.47,862.47,472.04,390.43,Cash on Delivery,May,5,Q2
ORD-2025-1175,2025-06-02 16:53:38.682235,North,Beauty & Care,Makeup Kit,84.27,2,0.0,168.54,168.54,96.28,72.26,Debit Card,Jun,6,Q2
ORD-2025-1176,2025-08-23 23:25:10.258548,East,Sports & Outdoors,Bicycle,29.52,5,0.1,147.6,132.84,70.92,61.92,Credit Card,Aug,8,Q3
ORD-2025-1177,2025-10-28 05:55:29.774812,East,Home & Kitchen,Cookware Set,139.1,5,0.05,695.5,660.72,389.56,271.16,Credit Card,Oct,10,Q4
ORD-2025-1178,2025-12-08 12:49:50.492076,West,Home & Kitchen,Air Fryer,68.84,2,0.0,137.68,137.68,77.18,60.5,Credit Card,Dec,12,Q4
ORD-2025-1179,2025-03-22 03:31:22.568807,West,Apparel,Sneakers,73.72,5,0.0,368.6,368.6,196.91,171.69,Debit Card,Mar,3,Q1
ORD-2025-1180,2025-10-27 00:46:50.341951,North,Beauty & Care,Makeup Kit,110.54,2,0.1,221.08,198.97,116.33,82.64,UPI / Wallet,Oct,10,Q4
ORD-2025-1181,2025-03-24 13:48:41.434528,West,Home & Kitchen,Coffee Maker,79.14,4,0.05,316.56,300.73,219.49,81.24,UPI / Wallet,Mar,3,Q1
ORD-2025-1182,2025-01-01 00:00:00.000000,West,Home & Kitchen,Cookware Set,151.72,5,0.05,758.6,720.67,359.26,361.41,Debit Card,Jan,1,Q1
ORD-2025-1183,2025-06-16 23:20:22.018348,West,Beauty & Care,Skincare Set,20.02,2,0.0,40.04,40.04,25.7,14.34,Debit Card,Jun,6,Q2
ORD-2025-1184,2025-09-12 17:00:51.042535,North,Home & Kitchen,Coffee Maker,45.58,1,0.0,45.58,45.58,23.1,22.48,Debit Card,Sep,9,Q3
ORD-2025-1185,2025-03-27 21:57:29.874895,North,Electronics,Headphones,809.65,5,0.05,4048.25,3845.84,2888.38,957.46,Credit Card,Mar,3,Q1
ORD-2025-1186,2025-04-07 20:15:24.770642,East,Beauty & Care,Skincare Set,93.02,3,0.15,279.06,237.2,124.37,112.83,UPI / Wallet,Apr,4,Q2
ORD-2025-1187,2025-12-16 02:58:56.947456,East,Sports & Outdoors,Dumbbell Set,387.23,5,0.0,1936.15,1936.15,1027.3,908.85,UPI / Wallet,Dec,12,Q4
ORD-2025-1188,2025-11-04 05:30:16.513761,North,Sports & Outdoors,Yoga Mat,240.09,4,0.15,960.36,816.31,522.99,293.32,Credit Card,Nov,11,Q4
ORD-2025-1189,2025-07-19 18:14:06.705587,West,Sports & Outdoors,Dumbbell Set,118.28,4,0.0,473.12,473.12,314.46,158.66,UPI / Wallet,Jul,7,Q3
ORD-2025-1190,2025-09-16 23:01:09.057547,North,Apparel,Jeans,103.47,1,0.0,103.47,103.47,61.96,41.51,Cash on Delivery,Sep,9,Q3
ORD-2025-1191,2025-04-20 14:16:18.815679,West,Sports & Outdoors,Yoga Mat,105.04,5,0.05,525.2,498.94,261.32,237.62,Credit Card,Apr,4,Q2
ORD-2025-1192,2025-12-18 20:33:25.671392,North,Beauty & Care,Skincare Set,71.27,1,0.0,71.27,71.27,53.73,17.54,UPI / Wallet,Dec,12,Q4
ORD-2025-1193,2025-09-17 13:35:28.773978,South,Home & Kitchen,Air Fryer,249.38,5,0.0,1246.9,1246.9,814.79,432.11,Credit Card,Sep,9,Q3
ORD-2025-1194,2025-05-19 03:09:45.487906,East,Sports & Outdoors,Water Bottle,328.81,1,0.05,328.81,312.37,238.86,73.51,Credit Card,May,5,Q2
ORD-2025-1195,2025-08-09 09:41:17.064220,North,Beauty & Care,Perfume,86.27,4,0.05,345.08,327.83,167.16,160.67,Credit Card,Aug,8,Q3
ORD-2025-1196,2025-07-18 13:05:27.272727,East,Apparel,Jeans,125.2,3,0.15,375.6,319.26,190.35,128.91,Debit Card,Jul,7,Q3
ORD-2025-1197,2025-12-03 01:40:53.044203,East,Sports & Outdoors,Dumbbell Set,317.27,4,0.0,1269.08,1269.08,804.85,464.23,UPI / Wallet,Dec,12,Q4
ORD-2025-1198,2025-10-27 00:46:50.341951,West,Electronics,Headphones,510.33,2,0.0,1020.66,1020.66,772.35,248.31,UPI / Wallet,Oct,10,Q4
ORD-2025-1199,2025-11-16 16:14:00.700583,South,Apparel,T-Shirt,157.92,2,0.0,315.84,315.84,243.76,72.08,Credit Card,Nov,11,Q4
ORD-2025-1200,2025-07-25 19:57:23.869891,South,Beauty & Care,Skincare Set,114.66,2,0.05,229.32,217.85,128.3,89.55,Credit Card,Jul,7,Q3
ORD-2025-1201,2025-02-07 22:45:32.276897,East,Electronics,Smartphone,1039.5,4,0.0,4158.0,4158.0,2030.74,2127.26,Credit Card,Feb,2,Q1
ORD-2025-1202,2025-05-15 04:26:37.331109,South,Sports & Outdoors,Water Bottle,187.01,3,0.0,561.03,561.03,355.49,205.54,Credit Card,May,5,Q2
ORD-2025-1203,2025-02-06 17:36:52.844036,North,Apparel,T-Shirt,162.7,5,0.05,813.5,772.82,567.66,205.16,Credit Card,Feb,2,Q1
ORD-2025-1204,2025-11-02 17:04:27.222685,East,Sports & Outdoors,Yoga Mat,379.77,3,0.0,1139.31,1139.31,800.02,339.29,Credit Card,Nov,11,Q4
ORD-2025-1205,2025-04-14 05:15:51.793160,South,Beauty & Care,Skincare Set,78.05,3,0.0,234.15,234.15,125.26,108.89,Credit Card,Apr,4,Q2
ORD-2025-1206,2025-06-04 05:19:27.973311,West,Beauty & Care,Perfume,40.13,4,0.15,160.52,136.44,77.33,59.11,Cash on Delivery,Jun,6,Q2
ORD-2025-1207,2025-01-20 03:01:21.067556,East,Apparel,Jeans,96.06,5,0.1,480.3,432.27,301.41,130.86,Debit Card,Jan,1,Q1
ORD-2025-1208,2025-09-25 18:18:54.945788,South,Beauty & Care,Makeup Kit,69.14,3,0.05,207.42,197.05,124.6,72.45,UPI / Wallet,Sep,9,Q3
ORD-2025-1209,2025-10-23 09:20:52.043369,South,Beauty & Care,Hair Dryer,67.65,4,0.0,270.6,270.6,159.1,111.5,Credit Card,Oct,10,Q4
ORD-2025-1210,2025-09-12 17:00:51.042535,North,Home & Kitchen,Air Fryer,108.43,5,0.0,542.15,542.15,281.04,261.11,UPI / Wallet,Sep,9,Q3
ORD-2025-1211,2025-04-07 20:15:24.770642,North,Beauty & Care,Perfume,99.34,2,0.05,198.68,188.75,100.31,88.44,Credit Card,Apr,4,Q2
ORD-2025-1212,2025-07-16 02:48:08.407005,North,Beauty & Care,Skincare Set,113.71,1,0.1,113.71,102.34,53.85,48.49,UPI / Wallet,Jul,7,Q3
ORD-2025-1213,2025-12-09 03:24:10.208507,South,Apparel,Sneakers,131.55,4,0.05,526.2,499.89,285.27,214.62,Credit Card,Dec,12,Q4
ORD-2025-1214,2025-01-25 21:27:28.373644,South,Apparel,T-Shirt,155.52,2,0.0,311.04,311.04,215.06,95.98,Credit Card,Jan,1,Q1
ORD-2025-1215,2025-03-31 06:06:18.315262,South,Home & Kitchen,Coffee Maker,110.07,5,0.0,550.35,550.35,360.57,189.78,Debit Card,Mar,3,Q1
ORD-2025-1216,2025-01-10 02:34:55.746455,West,Apparel,Sneakers,110.97,4,0.0,443.88,443.88,307.61,136.27,UPI / Wallet,Jan,1,Q1
ORD-2025-1217,2025-03-20 15:05:33.277731,North,Apparel,T-Shirt,69.06,4,0.0,276.24,276.24,206.95,69.29,Credit Card,Mar,3,Q1
ORD-2025-1218,2025-12-24 07:42:23.119266,East,Electronics,Headphones,762.43,4,0.0,3049.72,3049.72,2049.2,1000.52,Credit Card,Dec,12,Q4
ORD-2025-1219,2025-05-10 15:09:09.457881,East,Apparel,Jeans,90.47,1,0.05,90.47,85.95,54.31,31.64,Credit Card,May,5,Q2
ORD-2025-1220,2025-07-11 13:30:40.533778,East,Sports & Outdoors,Yoga Mat,309.11,1,0.0,309.11,309.11,231.33,77.78,Debit Card,Jul,7,Q3
ORD-2025-1221,2025-09-03 14:25:55.296080,North,Beauty & Care,Makeup Kit,56.87,4,0.15,227.48,193.36,140.03,53.33,UPI / Wallet,Sep,9,Q3
ORD-2025-1222,2025-12-07 22:15:30.775646,West,Electronics,Laptop,1063.25,5,0.0,5316.25,5316.25,3928.81,1387.44,UPI / Wallet,Dec,12,Q4
ORD-2025-1223,2025-03-24 21:05:51.292743,East,Beauty & Care,Makeup Kit,109.02,3,0.05,327.06,310.71,165.61,145.1,Debit Card,Mar,3,Q1
ORD-2025-1224,2025-06-21 05:20:40.033361,North,Sports & Outdoors,Dumbbell Set,69.1,2,0.0,138.2,138.2,77.27,60.93,Credit Card,Jun,6,Q2
ORD-2025-1225,2025-09-26 01:36:04.804003,North,Home & Kitchen,Blender,250.04,1,0.05,250.04,237.54,115.73,121.81,Credit Card,Sep,9,Q3
ORD-2025-1226,2025-02-22 19:46:35.329441,West,Apparel,Jacket,27.72,4,0.05,110.88,105.34,64.13,41.21,UPI / Wallet,Feb,2,Q1
ORD-2025-1227,2025-04-23 22:25:07.256046,East,Beauty & Care,Hair Dryer,80.61,5,0.0,403.05,403.05,277.75,125.3,Credit Card,Apr,4,Q2
ORD-2025-1228,2025-05-29 03:36:10.809007,West,Apparel,T-Shirt,34.26,5,0.05,171.3,162.74,95.16,67.58,UPI / Wallet,May,5,Q2
ORD-2025-1229,2025-06-13 15:11:33.577981,East,Electronics,Headphones,911.91,3,0.0,2735.73,2735.73,1468.16,1267.57,UPI / Wallet,Jun,6,Q2
ORD-2025-1230,2025-11-02 09:47:17.364470,North,Home & Kitchen,Air Fryer,144.58,1,0.05,144.58,137.35,78.7,58.65,Cash on Delivery,Nov,11,Q4
ORD-2025-1231,2025-04-20 06:59:08.957464,South,Electronics,Smartphone,467.01,2,0.05,934.02,887.32,644.11,243.21,UPI / Wallet,Apr,4,Q2
ORD-2025-1232,2025-01-01 14:34:19.716430,North,Sports & Outdoors,Water Bottle,360.02,3,0.0,1080.06,1080.06,628.88,451.18,Credit Card,Jan,1,Q1
ORD-2025-1233,2025-06-25 18:38:07.906588,West,Home & Kitchen,Coffee Maker,182.28,2,0.2,364.56,291.65,210.85,80.8,Debit Card,Jun,6,Q2
ORD-2025-1234,2025-02-07 15:28:22.418682,West,Home & Kitchen,Air Fryer,274.77,4,0.0,1099.08,1099.08,646.06,453.02,UPI / Wallet,Feb,2,Q1
ORD-2025-1235,2025-02-26 11:12:33.628023,West,Apparel,Sneakers,118.47,4,0.0,473.88,473.88,279.44,194.44,Credit Card,Feb,2,Q1
ORD-2025-1236,2025-09-22 10:10:06.505421,West,Home & Kitchen,Coffee Maker,189.08,1,0.0,189.08,189.08,91.32,97.76,Cash on Delivery,Sep,9,Q3
ORD-2025-1237,2025-02-08 20:37:01.851542,North,Sports & Outdoors,Bicycle,428.65,3,0.0,1285.95,1285.95,763.07,522.88,Cash on Delivery,Feb,2,Q1
ORD-2025-1238,2025-09-19 02:01:18.065054,East,Home & Kitchen,Coffee Maker,99.39,2,0.1,198.78,178.9,99.19,79.71,Credit Card,Sep,9,Q3
ORD-2025-1239,2025-04-18 03:58:59.949958,East,Electronics,Laptop,602.95,3,0.0,1808.85,1808.85,1219.32,589.53,Debit Card,Apr,4,Q2
ORD-2025-1240,2025-04-09 23:15:33.778148,West,Sports & Outdoors,Yoga Mat,103.94,1,0.0,103.94,103.94,62.56,41.38,,Apr,4,Q2
ORD-2025-1241,2025-05-24 21:35:52.793994,North,Home & Kitchen,Blender,296.29,5,0.1,1481.45,1333.3,778.12,555.18,Credit Card,May,5,Q2
ORD-2025-1242,2025-05-12 03:34:58.748957,South,Beauty & Care,Hair Dryer,73.2,4,0.05,292.8,278.16,212.41,65.75,Cash on Delivery,May,5,Q2
ORD-2025-1243,2025-04-29 09:34:04.703919,North,Sports & Outdoors,Yoga Mat,149.89,3,0.05,449.67,427.19,238.13,189.06,Debit Card,Apr,4,Q2
ORD-2025-1244,2025-04-03 14:15:06.755629,West,Sports & Outdoors,Yoga Mat,449.8,4,0.2,1799.2,1439.36,797.01,642.35,Credit Card,Apr,4,Q2
ORD-2025-1245,2025-07-20 08:48:26.422018,North,Home & Kitchen,Air Fryer,91.87,3,0.05,275.61,261.83,166.38,95.45,Credit Card,Jul,7,Q3
ORD-2025-1246,2025-05-13 01:26:28.323603,East,Home & Kitchen,Blender,259.63,2,0.05,519.26,493.3,279.06,214.24,UPI / Wallet,May,5,Q2
ORD-2025-1247,2025-11-07 20:56:14.812343,North,Apparel,Jeans,78.41,4,0.2,313.64,250.91,131.24,119.67,UPI / Wallet,Nov,11,Q4
ORD-2025-1248,2025-11-30 15:23:34.178482,East,Sports & Outdoors,Bicycle,183.45,4,0.0,733.8,733.8,566.82,166.98,Debit Card,Nov,11,Q4
ORD-2025-1249,2025-05-28 20:19:00.950792,East,Electronics,Smartphone,1035.44,1,0.2,1035.44,828.35,633.27,195.08,UPI / Wallet,May,5,Q2
ORD-2025-1250,2025-03-27 14:40:20.016680,South,Sports & Outdoors,Water Bottle,391.4,4,0.05,1565.6,1487.32,881.22,606.1,Credit Card,Mar,3,Q1
ORD-2025-1251,2025-11-14 05:56:41.834862,East,Sports & Outdoors,Water Bottle,409.15,2,0.0,818.3,818.3,598.3,220.0,Credit Card,Nov,11,Q4
ORD-2025-1252,2025-11-11 05:05:03.252710,North,Home & Kitchen,Blender,143.56,3,0.0,430.68,430.68,325.09,105.59,Credit Card,Nov,11,Q4
ORD-2025-1253,2025-08-09 02:24:07.206005,South,Apparel,Sneakers,171.39,3,0.1,514.17,462.75,277.5,185.25,Cash on Delivery,Aug,8,Q3
ORD-2025-1254,2025-04-13 07:24:22.218515,West,Electronics,Laptop,162.05,4,0.0,648.2,648.2,362.11,286.09,UPI / Wallet,Apr,4,Q2
ORD-2025-1255,2025-05-09 17:17:39.883236,North,Electronics,Smartwatch,227.74,2,0.05,455.48,432.71,318.83,113.88,UPI / Wallet,May,5,Q2
ORD-2025-1256,2025-03-08 04:21:49.090909,North,Beauty & Care,Hair Dryer,29.21,5,0.0,146.05,146.05,71.64,74.41,Credit Card,Mar,3,Q1
ORD-2025-1257,2025-01-22 20:35:49.791492,East,Electronics,Headphones,434.65,2,0.05,869.3,825.83,591.36,234.47,Cash on Delivery,Jan,1,Q1
ORD-2025-1258,2025-10-06 02:02:30.125104,North,Beauty & Care,Perfume,58.56,1,0.0,58.56,58.56,28.85,29.71,Credit Card,Oct,10,Q4
ORD-2025-1259,2025-01-14 15:52:23.619683,North,Electronics,Smartphone,158.74,4,0.15,634.96,539.72,288.66,251.06,UPI / Wallet,Jan,1,Q1
ORD-2025-1260,2025-10-05 11:28:10.408673,East,Electronics,Headphones,819.57,4,0.0,3278.28,3278.28,2312.78,965.5,Credit Card,Oct,10,Q4
ORD-2025-1261,2025-01-21 15:27:10.358632,North,Apparel,T-Shirt,90.84,2,0.15,181.68,154.43,102.7,51.73,UPI / Wallet,Jan,1,Q1
ORD-2025-1262,2025-04-07 12:58:14.912427,South,Home & Kitchen,Coffee Maker,346.17,1,0.15,346.17,294.24,177.92,116.32,UPI / Wallet,Apr,4,Q2
ORD-2025-1263,2025-08-30 08:25:37.281067,West,Sports & Outdoors,Yoga Mat,292.51,2,0.0,585.02,585.02,362.42,222.6,Credit Card,Aug,8,Q3
ORD-2025-1264,2025-01-28 15:01:57.097581,South,Home & Kitchen,Coffee Maker,195.82,4,0.0,783.28,783.28,544.92,238.36,UPI / Wallet,Jan,1,Q1
ORD-2025-1265,2025-10-11 05:54:17.714762,East,Electronics,Smartphone,317.47,3,0.1,952.41,857.17,492.41,364.76,Credit Card,Oct,10,Q4
ORD-2025-1266,2025-01-21 15:27:10.358632,North,Beauty & Care,Makeup Kit,94.25,1,0.1,94.25,84.82,60.66,24.16,Debit Card,Jan,1,Q1
ORD-2025-1267,2025-07-08 12:39:01.951626,South,Apparel,Sneakers,160.83,3,0.0,482.49,482.49,300.84,181.65,Debit Card,Jul,7,Q3
ORD-2025-1268,2025-01-27 02:36:07.806505,West,Home & Kitchen,Coffee Maker,89.71,4,0.0,358.84,358.84,267.24,91.6,Credit Card,Jan,1,Q1
ORD-2025-1269,2025-06-30 22:29:55.496246,East,Beauty & Care,Perfume,61.42,3,0.0,184.26,184.26,124.14,60.12,Credit Card,Jun,6,Q2
ORD-2025-1270,2025-10-10 15:19:57.998331,North,Apparel,T-Shirt,50.87,4,0.05,203.48,193.31,93.59,99.72,Credit Card,Oct,10,Q4
ORD-2025-1271,2025-10-18 12:46:14.311926,West,Home & Kitchen,Coffee Maker,103.14,1,0.05,103.14,97.98,60.77,37.21,Credit Card,Oct,10,Q4
ORD-2025-1272,2025-03-16 01:48:05.404503,North,Sports & Outdoors,Bicycle,404.62,2,0.05,809.24,768.78,502.95,265.83,Credit Card,Mar,3,Q1
ORD-2025-1273,2025-06-10 07:02:45.137614,West,Home & Kitchen,Blender,108.79,4,0.05,435.16,413.4,229.11,184.29,UPI / Wallet,Jun,6,Q2
ORD-2025-1274,2025-04-12 16:50:02.502085,North,Beauty & Care,Hair Dryer,102.06,3,0.0,306.18,306.18,201.18,105.0,UPI / Wallet,Apr,4,Q2
ORD-2025-1275,2025-07-19 10:56:56.847372,West,Apparel,T-Shirt,99.29,4,0.05,397.16,377.3,285.91,91.39,Credit Card,Jul,7,Q3
ORD-2025-1276,2025-06-18 19:03:21.167639,West,Beauty & Care,Makeup Kit,27.0,3,0.1,81.0,72.9,48.67,24.23,Credit Card,Jun,6,Q2
ORD-2025-1277,2025-09-13 14:52:20.617180,East,Home & Kitchen,Cookware Set,245.12,4,0.0,980.48,980.48,734.28,246.2,Credit Card,Sep,9,Q3
ORD-2025-1278,2025-12-18 20:33:25.671392,South,Apparel,Jacket,79.28,3,0.05,237.84,225.95,125.93,100.02,Credit Card,Dec,12,Q4
ORD-2025-1279,2025-09-29 09:44:53.244370,West,Sports & Outdoors,Dumbbell Set,401.77,5,0.05,2008.85,1908.41,1054.43,853.98,Credit Card,Sep,9,Q3
ORD-2025-1280,2025-03-22 18:05:42.285237,North,Home & Kitchen,Blender,171.7,1,0.05,171.7,163.11,120.69,42.42,Credit Card,Mar,3,Q1
ORD-2025-1281,2025-08-28 19:59:47.989991,East,Electronics,Smartwatch,726.81,5,0.1,3634.05,3270.65,2096.7,1173.95,Credit Card,Aug,8,Q3
ORD-2025-1282,2025-10-07 21:45:29.274395,East,Apparel,Jeans,152.36,2,0.05,304.72,289.48,193.81,95.67,Credit Card,Oct,10,Q4
ORD-2025-1283,2025-08-22 03:42:11.109257,South,Sports & Outdoors,Yoga Mat,355.94,1,0.15,355.94,302.55,155.38,147.17,Credit Card,Aug,8,Q3
ORD-2025-1284,2025-05-18 19:52:35.629691,West,Apparel,Sneakers,150.97,4,0.0,603.88,603.88,335.48,268.4,Debit Card,May,5,Q2
ORD-2025-1285,2025-05-19 17:44:05.204336,North,Home & Kitchen,Air Fryer,138.61,5,0.1,693.05,623.74,380.57,243.17,Credit Card,May,5,Q2
ORD-2025-1286,2025-06-01 19:02:09.107589,North,Apparel,Jacket,31.04,5,0.15,155.2,131.92,79.67,52.25,UPI / Wallet,Jun,6,Q2
ORD-2025-1287,2025-04-26 23:16:45.838198,East,Apparel,Sneakers,114.72,2,0.0,229.44,229.44,142.64,86.8,Credit Card,Apr,4,Q2
ORD-2025-1288,2025-08-25 11:50:59.549624,South,Electronics,Smartphone,900.86,2,0.0,1801.72,1801.72,905.34,896.38,UPI / Wallet,Aug,8,Q3
ORD-2025-1289,2025-06-23 01:03:39.182652,East,Electronics,Smartphone,439.05,4,0.0,1756.2,1756.2,1064.4,691.8,UPI / Wallet,Jun,6,Q2
ORD-2025-1290,2025-05-11 05:43:29.174311,North,Beauty & Care,Perfume,103.82,3,0.05,311.46,295.89,146.15,149.74,Debit Card,May,5,Q2
ORD-2025-1291,2025-09-02 02:00:06.005004,West,Apparel,T-Shirt,139.79,5,0.0,698.95,698.95,527.45,171.5,UPI / Wallet,Sep,9,Q3
ORD-2025-1292,2025-07-10 08:22:01.100917,North,Home & Kitchen,Air Fryer,251.87,1,0.2,251.87,201.5,155.35,46.15,Debit Card,Jul,7,Q3
ORD-2025-1293,2025-07-11 06:13:30.675562,East,Sports & Outdoors,Dumbbell Set,306.15,2,0.15,612.3,520.45,392.66,127.79,Credit Card,Jul,7,Q3
ORD-2025-1294,2025-11-29 02:57:44.887406,North,Apparel,Jeans,66.63,3,0.2,199.89,159.91,116.77,43.14,Credit Card,Nov,11,Q4
ORD-2025-1295,2025-03-13 08:13:36.680567,North,Home & Kitchen,Coffee Maker,46.36,4,0.05,185.44,176.17,134.11,42.06,Credit Card,Mar,3,Q1
ORD-2025-1296,2025-12-03 16:15:12.760633,West,Apparel,T-Shirt,177.94,3,0.05,533.82,507.13,273.27,233.86,Credit Card,Dec,12,Q4
ORD-2025-1297,2025-05-28 05:44:41.234361,East,Home & Kitchen,Cookware Set,65.5,1,0.1,65.5,58.95,41.0,17.95,Credit Card,May,5,Q2
ORD-2025-1298,2025-08-28 12:42:38.131776,East,Apparel,Jeans,127.95,5,0.2,639.75,511.8,262.63,249.17,Credit Card,Aug,8,Q3
ORD-2025-1299,2025-10-25 12:21:01.050875,South,Electronics,Headphones,737.56,4,0.0,2950.24,2950.24,1846.39,1103.85,Cash on Delivery,Oct,10,Q4
ORD-2025-1300,2025-09-23 22:35:55.796497,West,Sports & Outdoors,Dumbbell Set,114.97,1,0.1,114.97,103.47,72.03,31.44,Credit Card,Sep,9,Q3
ORD-2025-1301,2025-02-06 03:02:33.127606,North,Home & Kitchen,Cookware Set,319.99,1,0.1,319.99,287.99,202.79,85.2,Cash on Delivery,Feb,2,Q1
ORD-2025-1302,2025-07-31 21:40:41.034195,South,Home & Kitchen,Air Fryer,346.44,5,0.15,1732.2,1472.37,1038.17,434.2,Credit Card,Jul,7,Q3
ORD-2025-1303,2025-06-09 01:54:05.704753,East,Apparel,Sneakers,83.36,5,0.0,416.8,416.8,264.32,152.48,Cash on Delivery,Jun,6,Q2
ORD-2025-1304,2025-02-02 18:53:44.687239,West,Home & Kitchen,Coffee Maker,41.99,2,0.1,83.98,75.58,47.32,28.26,UPI / Wallet,Feb,2,Q1
ORD-2025-1305,2025-01-04 15:25:58.298582,East,Sports & Outdoors,Dumbbell Set,163.08,3,0.05,489.24,464.78,235.56,229.22,UPI / Wallet,Jan,1,Q1
ORD-2025-1306,2025-05-26 02:44:32.226855,North,Beauty & Care,Perfume,36.07,2,0.0,72.14,72.14,49.0,23.14,UPI / Wallet,May,5,Q2
ORD-2025-1307,2025-10-23 09:20:52.043369,West,Home & Kitchen,Coffee Maker,101.95,1,0.0,101.95,101.95,62.5,39.45,Debit Card,Oct,10,Q4
ORD-2025-1308,2025-05-09 10:00:30.025020,West,Apparel,Sneakers,153.16,3,0.0,459.48,459.48,312.6,146.88,Credit Card,May,5,Q2
ORD-2025-1309,2025-02-01 06:27:55.396163,West,Beauty & Care,Hair Dryer,104.81,3,0.05,314.43,298.71,201.59,97.12,Cash on Delivery,Feb,2,Q1
ORD-2025-1310,2025-01-18 07:18:21.918265,South,Apparel,T-Shirt,78.77,3,0.1,236.31,212.68,160.21,52.47,Cash on Delivery,Jan,1,Q1
ORD-2025-1311,2025-07-04 13:55:53.794829,West,Apparel,T-Shirt,50.56,5,0.0,252.8,252.8,159.15,93.65,Credit Card,Jul,7,Q3
ORD-2025-1312,2025-06-04 12:36:37.831526,North,Electronics,Smartphone,829.89,3,0.0,2489.67,2489.67,1936.81,552.86,Credit Card,Jun,6,Q2
ORD-2025-1313,2025-02-18 21:03:27.172643,West,Apparel,T-Shirt,70.74,2,0.0,141.48,141.48,95.83,45.65,Credit Card,Feb,2,Q1
ORD-2025-1314,2025-07-10 08:22:01.100917,North,Sports & Outdoors,Yoga Mat,334.24,1,0.0,334.24,334.24,249.02,85.22,UPI / Wallet,Jul,7,Q3
ORD-2025-1315,2025-07-09 10:30:31.526271,North,Beauty & Care,Hair Dryer,107.3,3,0.0,321.9,321.9,196.95,124.95,Cash on Delivery,Jul,7,Q3
ORD-2025-1316,2025-06-02 09:36:28.824020,North,Sports & Outdoors,Dumbbell Set,108.39,1,0.15,108.39,92.13,50.21,41.92,UPI / Wallet,Jun,6,Q2
ORD-2025-1317,2025-09-06 08:00:24.020016,East,Beauty & Care,Makeup Kit,49.64,4,0.2,198.56,158.85,111.53,47.32,Cash on Delivery,Sep,9,Q3
ORD-2025-1318,2025-07-24 07:31:34.578815,North,Beauty & Care,Skincare Set,81.4,2,0.0,162.8,162.8,86.76,76.04,Debit Card,Jul,7,Q3
ORD-2025-1319,2025-07-25 12:40:14.011676,West,Electronics,Laptop,735.18,3,0.0,2205.54,2205.54,1468.23,737.31,Debit Card,Jul,7,Q3
ORD-2025-1320,2025-03-23 08:40:02.001668,South,Sports & Outdoors,Water Bottle,246.23,2,0.15,492.46,418.59,287.35,131.24,Credit Card,Mar,3,Q1
ORD-2025-1321,2025-06-23 01:03:39.182652,East,Apparel,T-Shirt,135.79,3,0.1,407.37,366.63,281.13,85.5,UPI / Wallet,Jun,6,Q2
ORD-2025-1322,2025-05-07 21:34:40.733944,South,Beauty & Care,Hair Dryer,81.18,3,0.2,243.54,194.83,126.01,68.82,Debit Card,May,5,Q2
ORD-2025-1323,2025-09-08 11:00:33.027522,South,Sports & Outdoors,Water Bottle,409.65,4,0.0,1638.6,1638.6,1195.42,443.18,,Sep,9,Q3
ORD-2025-1324,2025-08-22 18:16:30.825688,North,Home & Kitchen,Air Fryer,314.72,2,0.0,629.44,629.44,437.01,192.43,Credit Card,Aug,8,Q3
ORD-2025-1325,2025-07-19 10:56:56.847372,North,Sports & Outdoors,Yoga Mat,18.51,2,0.0,37.02,37.02,27.68,9.34,Debit Card,Jul,7,Q3
ORD-2025-1326,2025-01-02 12:25:49.291075,North,Apparel,Jeans,104.68,3,0.05,314.04,298.34,158.55,139.79,UPI / Wallet,Jan,1,Q1
ORD-2025-1327,2025-12-06 17:06:51.342785,West,Beauty & Care,Skincare Set,100.54,4,0.0,402.16,402.16,238.96,163.2,UPI / Wallet,Dec,12,Q4
ORD-2025-1328,2025-10-31 21:21:28.073394,North,Beauty & Care,Makeup Kit,113.85,3,0.15,341.55,290.32,189.88,100.44,UPI / Wallet,Oct,10,Q4
ORD-2025-1329,2025-01-09 19:17:45.888240,East,Apparel,Jacket,93.55,1,0.0,93.55,93.55,68.49,25.06,Credit Card,Jan,1,Q1
ORD-2025-1330,2025-01-30 18:02:06.105087,North,Sports & Outdoors,Yoga Mat,135.81,1,0.0,135.81,135.81,103.87,31.94,Credit Card,Jan,1,Q1
ORD-2025-1331,2025-03-14 20:39:25.971643,North,Home & Kitchen,Blender,282.3,2,0.05,564.6,536.37,354.38,181.99,Cash on Delivery,Mar,3,Q1
ORD-2025-1332,2025-07-14 14:22:19.115929,North,Home & Kitchen,Air Fryer,80.91,4,0.0,323.64,323.64,171.62,152.02,Debit Card,Jul,7,Q3
ORD-2025-1333,2025-03-18 12:05:24.270225,South,Beauty & Care,Skincare Set,25.06,5,0.0,125.3,125.3,89.8,35.5,Debit Card,Mar,3,Q1
ORD-2025-1334,2025-12-15 05:07:27.372810,East,Sports & Outdoors,Bicycle,105.74,5,0.1,528.7,475.83,349.18,126.65,Credit Card,Dec,12,Q4
ORD-2025-1335,2025-09-12 02:26:31.326105,South,Apparel,Sneakers,51.55,2,0.0,103.1,103.1,60.58,42.52,Credit Card,Sep,9,Q3
ORD-2025-1336,2025-06-11 19:28:34.428690,South,Beauty & Care,Skincare Set,87.24,1,0.05,87.24,82.88,62.02,20.86,Credit Card,Jun,6,Q2
ORD-2025-1337,2025-07-13 09:13:39.683069,South,Apparel,T-Shirt,37.59,3,0.0,112.77,112.77,76.06,36.71,Debit Card,Jul,7,Q3
ORD-2025-1338,2025-05-06 16:26:01.301084,North,Sports & Outdoors,Water Bottle,260.44,5,0.0,1302.2,1302.2,906.75,395.45,Credit Card,May,5,Q2
ORD-2025-1339,2025-04-14 05:15:51.793160,East,Apparel,Jeans,31.22,4,0.1,124.88,112.39,60.98,51.41,UPI / Wallet,Apr,4,Q2
ORD-2025-1340,2025-12-10 08:32:49.641367,North,Home & Kitchen,Cookware Set,81.87,2,0.1,163.74,147.37,114.71,32.66,Credit Card,Dec,12,Q4
ORD-2025-1341,2025-12-06 17:06:51.342785,North,Beauty & Care,Perfume,41.87,5,0.05,209.35,198.88,104.45,94.43,Credit Card,Dec,12,Q4
ORD-2025-1342,2025-04-12 16:50:02.502085,South,Apparel,Jacket,76.46,2,0.1,152.92,137.63,87.42,50.21,Debit Card,Apr,4,Q2
ORD-2025-1343,2025-10-07 21:45:29.274395,East,Electronics,Smartphone,567.78,5,0.0,2838.9,2838.9,2137.8,701.1,UPI / Wallet,Oct,10,Q4
ORD-2025-1344,2025-07-24 07:31:34.578815,West,Beauty & Care,Perfume,72.55,4,0.05,290.2,275.69,189.57,86.12,Debit Card,Jul,7,Q3
ORD-2025-1345,2025-02-14 15:03:09.157631,West,Home & Kitchen,Air Fryer,107.55,4,0.0,430.2,430.2,249.72,180.48,UPI / Wallet,Feb,2,Q1
ORD-2025-1346,2025-07-26 10:31:43.586321,South,Beauty & Care,Perfume,48.83,3,0.0,146.49,146.49,82.97,63.52,Credit Card,Jul,7,Q3
ORD-2025-1347,2025-01-25 21:27:28.373644,North,Sports & Outdoors,Bicycle,182.06,2,0.05,364.12,345.91,229.47,116.44,Credit Card,Jan,1,Q1
ORD-2025-1348,2025-07-14 07:05:09.257714,South,Home & Kitchen,Air Fryer,204.88,3,0.1,614.64,553.18,377.22,175.96,Credit Card,Jul,7,Q3
ORD-2025-1349,2025-08-03 00:40:50.041701,East,Sports & Outdoors,Water Bottle,316.64,5,0.0,1583.2,1583.2,852.98,730.22,Credit Card,Aug,8,Q3
ORD-2025-1350,2025-12-08 12:49:50.492076,North,Home & Kitchen,Blender,135.33,3,0.0,405.99,405.99,301.38,104.61,Cash on Delivery,Dec,12,Q4
ORD-2025-1351,2025-07-10 01:04:51.242702,South,Home & Kitchen,Blender,57.68,3,0.05,173.04,164.39,87.78,76.61,Credit Card,Jul,7,Q3
ORD-2025-1352,2025-05-10 07:51:59.599666,North,Beauty & Care,Perfume,74.48,3,0.15,223.44,189.92,91.36,98.56,UPI / Wallet,May,5,Q2
ORD-2025-1353,2025-07-17 15:13:57.698081,South,Sports & Outdoors,Yoga Mat,320.42,1,0.2,320.42,256.34,151.64,104.7,Cash on Delivery,Jul,7,Q3
ORD-2025-1354,2025-01-02 19:42:59.149291,South,Home & Kitchen,Cookware Set,77.34,2,0.1,154.68,139.21,89.09,50.12,Credit Card,Jan,1,Q1
ORD-2025-1355,2025-08-26 02:25:19.266055,North,Beauty & Care,Skincare Set,107.27,1,0.0,107.27,107.27,71.21,36.06,UPI / Wallet,Aug,8,Q3
ORD-2025-1356,2025-06-24 13:29:28.473728,South,Apparel,Sneakers,89.32,2,0.0,178.64,178.64,107.09,71.55,UPI / Wallet,Jun,6,Q2
ORD-2025-1357,2025-08-13 22:58:44.937447,West,Electronics,Laptop,320.66,4,0.05,1282.64,1218.51,732.85,485.66,Debit Card,Aug,8,Q3
ORD-2025-1358,2025-03-30 00:57:38.882402,North,Home & Kitchen,Cookware Set,215.41,4,0.15,861.64,732.39,448.58,283.81,Debit Card,Mar,3,Q1
ORD-2025-1359,2025-11-16 23:31:10.558799,East,Electronics,Headphones,1136.55,3,0.1,3409.65,3068.68,1550.49,1518.19,Credit Card,Nov,11,Q4
ORD-2025-1360,2025-12-04 21:23:52.193494,North,Sports & Outdoors,Yoga Mat,277.45,3,0.05,832.35,790.73,479.03,311.7,Cash on Delivery,Dec,12,Q4
ORD-2025-1361,2025-01-10 17:09:15.462885,North,Beauty & Care,Perfume,21.29,3,0.0,63.87,63.87,41.39,22.48,UPI / Wallet,Jan,1,Q1
ORD-2025-1362,2025-02-21 21:55:05.754795,North,Home & Kitchen,Air Fryer,107.06,2,0.0,214.12,214.12,154.2,59.92,Credit Card,Feb,2,Q1
ORD-2025-1363,2025-12-07 07:41:11.059216,East,Apparel,T-Shirt,97.25,4,0.0,389.0,389.0,301.75,87.25,UPI / Wallet,Dec,12,Q4
ORD-2025-1364,2025-10-17 07:37:34.879065,North,Sports & Outdoors,Bicycle,177.61,5,0.0,888.05,888.05,654.59,233.46,UPI / Wallet,Oct,10,Q4
ORD-2025-1365,2025-01-09 12:00:36.030025,South,Beauty & Care,Hair Dryer,47.06,4,0.0,188.24,188.24,145.37,42.87,UPI / Wallet,Jan,1,Q1
ORD-2025-1366,2025-11-12 10:13:42.685571,East,Electronics,Smartwatch,421.01,1,0.05,421.01,399.96,306.5,93.46,Cash on Delivery,Nov,11,Q4
ORD-2025-1367,2025-10-16 17:03:15.162635,South,Apparel,T-Shirt,148.46,3,0.05,445.38,423.11,237.52,185.59,Credit Card,Oct,10,Q4
ORD-2025-1368,2025-12-20 08:59:14.962468,North,Beauty & Care,Perfume,53.11,1,0.0,53.11,53.11,41.04,12.07,Credit Card,Dec,12,Q4
ORD-2025-1369,2025-09-04 19:34:34.728940,West,Home & Kitchen,Coffee Maker,137.76,1,0.0,137.76,137.76,81.93,55.83,Credit Card,Sep,9,Q3
ORD-2025-1370,2025-09-04 12:17:24.870725,South,Beauty & Care,Hair Dryer,104.38,2,0.15,208.76,177.45,94.19,83.26,Credit Card,Sep,9,Q3
ORD-2025-1371,2025-03-12 10:22:07.105921,East,Home & Kitchen,Air Fryer,100.38,4,0.05,401.52,381.44,202.25,179.19,Debit Card,Mar,3,Q1
ORD-2025-1372,2025-03-18 12:05:24.270225,North,Sports & Outdoors,Dumbbell Set,284.1,4,0.2,1136.4,909.12,672.23,236.89,UPI / Wallet,Mar,3,Q1
ORD-2025-1373,2025-05-15 11:43:47.189324,West,Beauty & Care,Hair Dryer,119.15,3,0.05,357.45,339.58,215.59,123.99,Credit Card,May,5,Q2
ORD-2025-1374,2025-12-25 12:51:02.552126,West,Apparel,Jeans,126.67,3,0.1,380.01,342.01,240.65,101.36,UPI / Wallet,Dec,12,Q4
ORD-2025-1375,2025-04-13 21:58:41.934945,East,Home & Kitchen,Blender,100.68,1,0.0,100.68,100.68,70.64,30.04,Credit Card,Apr,4,Q2
ORD-2025-1376,2025-01-09 04:43:26.171809,South,Electronics,Smartphone,156.79,2,0.15,313.58,266.54,193.96,72.58,UPI / Wallet,Jan,1,Q1
ORD-2025-1377,2025-02-14 00:28:49.441201,East,Beauty & Care,Skincare Set,47.55,3,0.05,142.65,135.52,92.86,42.66,UPI / Wallet,Feb,2,Q1
ORD-2025-1378,2025-08-08 04:32:37.631359,East,Home & Kitchen,Blender,123.33,2,0.0,246.66,246.66,148.44,98.22,UPI / Wallet,Aug,8,Q3
ORD-2025-1379,2025-11-28 19:40:35.029190,East,Home & Kitchen,Air Fryer,261.62,5,0.1,1308.1,1177.29,913.39,263.9,UPI / Wallet,Nov,11,Q4
ORD-2025-1380,2025-07-08 05:21:52.093411,East,Beauty & Care,Skincare Set,65.85,2,0.15,131.7,111.94,59.91,52.03,Credit Card,Jul,7,Q3
ORD-2025-1381,2025-12-06 09:49:41.484570,North,Home & Kitchen,Cookware Set,82.67,2,0.15,165.34,140.54,88.54,52.0,UPI / Wallet,Dec,12,Q4
ORD-2025-1382,2025-11-30 00:49:14.462051,West,Electronics,Smartwatch,687.83,5,0.15,3439.15,2923.28,2014.09,909.19,Debit Card,Nov,11,Q4
ORD-2025-1383,2025-08-11 19:58:35.929941,East,Apparel,T-Shirt,45.26,2,0.1,90.52,81.47,54.58,26.89,Credit Card,Aug,8,Q3
ORD-2025-1384,2025-09-26 16:10:24.520433,South,Sports & Outdoors,Bicycle,368.25,1,0.0,368.25,368.25,204.24,164.01,Debit Card,Sep,9,Q3
ORD-2025-1385,2025-02-25 06:03:54.195162,North,Home & Kitchen,Coffee Maker,284.27,3,0.0,852.81,852.81,584.1,268.71,Debit Card,Feb,2,Q1
ORD-2025-1386,2025-02-22 05:12:15.613010,West,Home & Kitchen,Coffee Maker,254.0,1,0.0,254.0,254.0,147.11,106.89,Credit Card,Feb,2,Q1
ORD-2025-1387,2025-12-12 11:32:58.648874,South,Beauty & Care,Hair Dryer,28.43,3,0.1,85.29,76.76,38.09,38.67,Credit Card,Dec,12,Q4
ORD-2025-1388,2025-11-25 11:31:46.588824,West,Sports & Outdoors,Yoga Mat,292.68,5,0.0,1463.4,1463.4,826.47,636.93,UPI / Wallet,Nov,11,Q4
ORD-2025-1389,2025-10-21 06:20:43.035863,South,Electronics,Headphones,1028.26,1,0.0,1028.26,1028.26,546.4,481.86,Debit Card,Oct,10,Q4
ORD-2025-1390,2025-04-23 15:07:57.397831,West,Home & Kitchen,Cookware Set,325.88,4,0.0,1303.52,1303.52,857.28,446.24,Debit Card,Apr,4,Q2
ORD-2025-1391,2025-12-01 13:15:03.753127,West,Apparel,T-Shirt,132.75,5,0.0,663.75,663.75,515.59,148.16,UPI / Wallet,Dec,12,Q4
ORD-2025-1392,2025-11-07 20:56:14.812343,North,Beauty & Care,Perfume,107.99,5,0.0,539.95,539.95,410.93,129.02,Credit Card,Nov,11,Q4
ORD-2025-1393,2025-04-27 21:08:15.412844,North,Electronics,Smartwatch,706.57,2,0.05,1413.14,1342.48,878.4,464.08,UPI / Wallet,Apr,4,Q2
ORD-2025-1394,2025-05-14 21:09:27.472894,North,Beauty & Care,Skincare Set,104.57,3,0.0,313.71,313.71,225.47,88.24,Credit Card,May,5,Q2
ORD-2025-1395,2025-03-22 03:31:22.568807,East,Apparel,Jeans,138.59,1,0.0,138.59,138.59,86.8,51.79,Credit Card,Mar,3,Q1
ORD-2025-1396,2025-01-18 14:35:31.776480,East,Beauty & Care,Perfume,43.27,2,0.0,86.54,86.54,51.28,35.26,Credit Card,Jan,1,Q1
ORD-2025-1397,2025-07-30 09:14:51.743119,South,Sports & Outdoors,Bicycle,19.31,2,0.05,38.62,36.69,28.2,8.49,Debit Card,Jul,7,Q3
ORD-2025-1398,2025-02-14 00:28:49.441201,West,Apparel,Jacket,86.79,1,0.0,86.79,86.79,57.19,29.6,Credit Card,Feb,2,Q1
ORD-2025-1399,2025-07-29 11:23:22.168473,North,Beauty & Care,Makeup Kit,33.7,3,0.0,101.1,101.1,76.99,24.11,Credit Card,Jul,7,Q3
ORD-2025-1400,2025-06-23 22:55:08.757297,South,Home & Kitchen,Cookware Set,206.48,2,0.0,412.96,412.96,285.18,127.78,Credit Card,Jun,6,Q2
ORD-2025-1401,2025-10-26 17:29:40.483736,West,Home & Kitchen,Cookware Set,46.43,5,0.05,232.15,220.54,166.87,53.67,Cash on Delivery,Oct,10,Q4
ORD-2025-1402,2025-03-08 04:21:49.090909,East,Beauty & Care,Hair Dryer,96.94,3,0.0,290.82,290.82,156.78,134.04,Cash on Delivery,Mar,3,Q1
ORD-2025-1403,2025-07-30 01:57:41.884904,North,Apparel,Sneakers,141.95,2,0.0,283.9,283.9,178.57,105.33,Debit Card,Jul,7,Q3
ORD-2025-1404,2025-08-31 13:34:16.713928,South,Electronics,Smartphone,274.13,2,0.0,548.26,548.26,384.73,163.53,Cash on Delivery,Aug,8,Q3
ORD-2025-1405,2025-12-07 00:24:01.201000,North,Sports & Outdoors,Bicycle,62.28,5,0.0,311.4,311.4,184.26,127.14,Credit Card,Dec,12,Q4
ORD-2025-1406,2025-06-15 10:54:32.727272,South,Electronics,Headphones,933.0,5,0.0,4665.0,4665.0,2749.11,1915.89,Credit Card,Jun,6,Q2
ORD-2025-1407,2025-06-26 16:29:37.481234,West,Beauty & Care,Skincare Set,43.75,4,0.05,175.0,166.25,94.96,71.29,Credit Card,Jun,6,Q2
ORD-2025-1408,2025-07-22 04:31:25.571309,East,Home & Kitchen,Coffee Maker,200.36,4,0.0,801.44,801.44,459.21,342.23,Credit Card,Jul,7,Q3
ORD-2025-1409,2025-01-23 03:52:59.649708,East,Home & Kitchen,Blender,85.62,5,0.1,428.1,385.29,254.61,130.68,Credit Card,Jan,1,Q1
ORD-2025-1410,2025-10-26 10:12:30.625521,South,Electronics,Laptop,319.78,5,0.05,1598.9,1518.96,941.2,577.76,Credit Card,Oct,10,Q4
ORD-2025-1411,2025-05-31 06:36:19.816513,South,Sports & Outdoors,Dumbbell Set,233.37,3,0.0,700.11,700.11,480.13,219.98,,May,5,Q2
ORD-2025-1412,2025-10-27 15:21:10.058381,North,Home & Kitchen,Coffee Maker,146.06,5,0.0,730.3,730.3,368.68,361.62,UPI / Wallet,Oct,10,Q4
ORD-2025-1413,2025-06-28 04:55:26.772310,West,Home & Kitchen,Air Fryer,345.59,4,0.1,1382.36,1244.12,655.01,589.11,Credit Card,Jun,6,Q2
ORD-2025-1414,2025-06-20 00:12:00.600500,North,Apparel,T-Shirt,80.33,3,0.0,240.99,240.99,144.85,96.14,UPI / Wallet,Jun,6,Q2
ORD-2025-1415,2025-12-14 07:15:57.798165,South,Home & Kitchen,Cookware Set,230.08,2,0.05,460.16,437.15,248.22,188.93,Credit Card,Dec,12,Q4
ORD-2025-1416,2025-07-04 21:13:03.653044,East,Sports & Outdoors,Water Bottle,160.14,1,0.1,160.14,144.13,88.61,55.52,Credit Card,Jul,7,Q3
ORD-2025-1417,2025-06-19 02:20:31.025854,East,Beauty & Care,Makeup Kit,54.16,5,0.15,270.8,230.18,171.3,58.88,Credit Card,Jun,6,Q2
ORD-2025-1418,2025-02-07 00:54:02.702251,East,Sports & Outdoors,Bicycle,385.36,5,0.1,1926.8,1734.12,911.69,822.43,Credit Card,Feb,2,Q1
ORD-2025-1419,2025-02-27 23:38:22.919099,West,Sports & Outdoors,Bicycle,240.36,5,0.1,1201.8,1081.62,615.12,466.5,Cash on Delivery,Feb,2,Q1
ORD-2025-1420,2025-09-28 19:10:33.527939,South,Apparel,T-Shirt,39.37,3,0.0,118.11,118.11,73.26,44.85,UPI / Wallet,Sep,9,Q3
ORD-2025-1421,2025-06-06 08:19:36.980817,North,Apparel,Sneakers,164.25,2,0.05,328.5,312.08,225.44,86.64,UPI / Wallet,Jun,6,Q2
ORD-2025-1422,2025-09-29 09:44:53.244370,North,Apparel,T-Shirt,46.14,4,0.0,184.56,184.56,119.8,64.76,UPI / Wallet,Sep,9,Q3
ORD-2025-1423,2025-10-25 12:21:01.050875,West,Beauty & Care,Perfume,48.79,5,0.0,243.95,243.95,165.67,78.28,Cash on Delivery,Oct,10,Q4
ORD-2025-1424,2025-04-25 10:50:56.547122,North,Home & Kitchen,Coffee Maker,248.55,1,0.0,248.55,248.55,157.82,90.73,Credit Card,Apr,4,Q2
ORD-2025-1425,2025-08-10 22:07:06.355296,North,Beauty & Care,Makeup Kit,57.8,1,0.0,57.8,57.8,44.45,13.35,Credit Card,Aug,8,Q3
ORD-2025-1426,2025-04-14 19:50:11.509591,North,Electronics,Laptop,413.43,5,0.05,2067.15,1963.79,1335.91,627.88,Credit Card,Apr,4,Q2
ORD-2025-1427,2025-04-04 12:06:36.330275,North,Beauty & Care,Skincare Set,80.08,4,0.1,320.32,288.29,165.61,122.68,Credit Card,Apr,4,Q2
ORD-2025-1428,2025-10-17 07:37:34.879065,East,Electronics,Smartwatch,1120.87,5,0.0,5604.35,5604.35,4000.97,1603.38,UPI / Wallet,Oct,10,Q4
ORD-2025-1429,2025-07-31 14:23:31.175979,South,Beauty & Care,Perfume,80.32,5,0.0,401.6,401.6,210.73,190.87,Credit Card,Jul,7,Q3
ORD-2025-1430,2025-12-23 09:50:53.544620,East,Beauty & Care,Skincare Set,109.92,5,0.0,549.6,549.6,289.37,260.23,UPI / Wallet,Dec,12,Q4
ORD-2025-1431,2025-11-19 17:05:39.282735,South,Home & Kitchen,Air Fryer,155.63,5,0.0,778.15,778.15,530.81,247.34,UPI / Wallet,Nov,11,Q4
ORD-2025-1432,2025-03-13 15:30:46.538782,South,Sports & Outdoors,Bicycle,366.73,2,0.0,733.46,733.46,474.0,259.46,Debit Card,Mar,3,Q1
ORD-2025-1433,2025-11-02 17:04:27.222685,North,Electronics,Smartwatch,573.18,2,0.1,1146.36,1031.72,513.38,518.34,UPI / Wallet,Nov,11,Q4
ORD-2025-1434,2025-06-28 19:29:46.488740,North,Beauty & Care,Skincare Set,112.94,1,0.0,112.94,112.94,77.58,35.36,Credit Card,Jun,6,Q2
ORD-2025-1435,2025-02-24 22:46:44.336947,North,Beauty & Care,Perfume,117.66,4,0.05,470.64,447.11,262.85,184.26,Debit Card,Feb,2,Q1
ORD-2025-1436,2025-10-12 18:20:07.005838,West,Electronics,Headphones,437.69,4,0.0,1750.76,1750.76,1334.89,415.87,Credit Card,Oct,10,Q4
ORD-2025-1437,2025-08-15 04:07:24.370308,South,Apparel,Jacket,33.9,1,0.0,33.9,33.9,18.35,15.55,Credit Card,Aug,8,Q3
ORD-2025-1438,2025-01-18 14:35:31.776480,South,Apparel,Jacket,127.51,3,0.05,382.53,363.4,190.04,173.36,UPI / Wallet,Jan,1,Q1
ORD-2025-1439,2025-05-24 14:18:42.935779,East,Sports & Outdoors,Bicycle,344.26,1,0.0,344.26,344.26,179.4,164.86,,May,5,Q2
ORD-2025-1440,2025-09-05 17:26:04.303586,North,Sports & Outdoors,Water Bottle,42.06,4,0.0,168.24,168.24,110.95,57.29,UPI / Wallet,Sep,9,Q3
ORD-2025-1441,2025-01-11 22:17:54.895746,West,Sports & Outdoors,Dumbbell Set,102.61,1,0.0,102.61,102.61,69.79,32.82,Cash on Delivery,Jan,1,Q1
ORD-2025-1442,2025-04-09 08:41:14.061718,North,Apparel,Jacket,163.13,3,0.05,489.39,464.92,345.25,119.67,Cash on Delivery,Apr,4,Q2
ORD-2025-1443,2025-12-01 05:57:53.894912,North,Sports & Outdoors,Yoga Mat,278.57,3,0.0,835.71,835.71,455.42,380.29,Credit Card,Dec,12,Q4
ORD-2025-1444,2025-11-05 03:21:46.088407,West,Sports & Outdoors,Bicycle,403.86,2,0.0,807.72,807.72,400.94,406.78,Credit Card,Nov,11,Q4
ORD-2025-1445,2025-10-26 02:55:20.767306,North,Electronics,Smartwatch,425.86,1,0.2,425.86,340.69,260.12,80.57,UPI / Wallet,Oct,10,Q4
ORD-2025-1446,2025-08-14 20:50:14.512093,South,Electronics,Headphones,525.64,3,0.0,1576.92,1576.92,1065.75,511.17,Debit Card,Aug,8,Q3
ORD-2025-1447,2025-06-04 05:19:27.973311,West,Home & Kitchen,Cookware Set,337.83,2,0.0,675.66,675.66,386.56,289.1,UPI / Wallet,Jun,6,Q2
ORD-2025-1448,2025-05-09 02:43:20.166805,West,Home & Kitchen,Air Fryer,92.44,4,0.1,369.76,332.78,253.67,79.11,Credit Card,May,5,Q2
ORD-2025-1449,2025-01-04 22:43:08.156797,North,Apparel,Jacket,45.67,1,0.0,45.67,45.67,29.71,15.96,Debit Card,Jan,1,Q1
ORD-2025-1450,2025-10-06 23:53:59.699749,South,Home & Kitchen,Coffee Maker,258.7,2,0.0,517.4,517.4,402.16,115.24,UPI / Wallet,Oct,10,Q4
ORD-2025-1451,2025-09-28 11:53:23.669724,South,Home & Kitchen,Cookware Set,216.45,2,0.0,432.9,432.9,325.66,107.24,UPI / Wallet,Sep,9,Q3
ORD-2025-1452,2025-06-04 19:53:47.689741,East,Electronics,Smartphone,280.64,4,0.0,1122.56,1122.56,576.21,546.35,Credit Card,Jun,6,Q2
ORD-2025-1453,2025-08-06 16:06:48.340283,East,Beauty & Care,Skincare Set,55.35,4,0.15,221.4,188.19,106.64,81.55,Credit Card,Aug,8,Q3
ORD-2025-1454,2025-04-26 01:25:16.263552,West,Apparel,Sneakers,114.36,3,0.05,343.08,325.93,245.56,80.37,UPI / Wallet,Apr,4,Q2
ORD-2025-1455,2025-08-04 05:49:29.474562,South,Sports & Outdoors,Dumbbell Set,196.57,3,0.15,589.71,501.25,289.15,212.1,Credit Card,Aug,8,Q3
ORD-2025-1456,2025-06-04 05:19:27.973311,North,Electronics,Headphones,416.68,3,0.0,1250.04,1250.04,711.01,539.03,Credit Card,Jun,6,Q2
ORD-2025-1457,2025-08-08 04:32:37.631359,North,Beauty & Care,Makeup Kit,26.8,4,0.0,107.2,107.2,80.67,26.53,UPI / Wallet,Aug,8,Q3
ORD-2025-1458,2025-12-20 08:59:14.962468,South,Electronics,Smartwatch,478.48,4,0.0,1913.92,1913.92,995.49,918.43,Credit Card,Dec,12,Q4
ORD-2025-1459,2025-12-10 01:15:39.783152,West,Home & Kitchen,Cookware Set,254.81,5,0.05,1274.05,1210.35,751.09,459.26,UPI / Wallet,Dec,12,Q4
ORD-2025-1460,2025-11-24 20:57:26.872393,East,Sports & Outdoors,Bicycle,262.65,2,0.1,525.3,472.77,305.7,167.07,Credit Card,Nov,11,Q4
ORD-2025-1461,2025-09-12 09:43:41.184320,North,Electronics,Headphones,679.34,1,0.0,679.34,679.34,496.55,182.79,Credit Card,Sep,9,Q3
ORD-2025-1462,2025-08-16 09:16:03.803169,East,Apparel,T-Shirt,42.66,4,0.0,170.64,170.64,91.8,78.84,Credit Card,Aug,8,Q3
ORD-2025-1463,2025-08-27 07:33:58.698915,East,Sports & Outdoors,Yoga Mat,315.86,2,0.0,631.72,631.72,473.18,158.54,UPI / Wallet,Aug,8,Q3
ORD-2025-1464,2025-06-05 17:45:17.264386,South,Electronics,Smartwatch,262.05,3,0.0,786.15,786.15,466.61,319.54,Credit Card,Jun,6,Q2
ORD-2025-1465,2025-06-21 05:20:40.033361,North,Sports & Outdoors,Bicycle,263.89,5,0.15,1319.45,1121.53,817.39,304.14,Credit Card,Jun,6,Q2
ORD-2025-1466,2025-09-29 02:27:43.386155,North,Sports & Outdoors,Water Bottle,192.43,2,0.0,384.86,384.86,205.3,179.56,UPI / Wallet,Sep,9,Q3
ORD-2025-1467,2025-05-16 09:35:16.763969,North,Beauty & Care,Hair Dryer,41.27,4,0.05,165.08,156.83,83.51,73.32,Debit Card,May,5,Q2
ORD-2025-1468,2025-03-11 12:30:37.531276,West,Apparel,Sneakers,106.42,2,0.05,212.84,202.2,108.16,94.04,UPI / Wallet,Mar,3,Q1
ORD-2025-1469,2025-03-19 02:39:43.986655,North,Sports & Outdoors,Dumbbell Set,326.35,5,0.0,1631.75,1631.75,1047.92,583.83,Credit Card,Mar,3,Q1
ORD-2025-1470,2025-05-13 16:00:48.040033,East,Apparel,Sneakers,46.27,5,0.0,231.35,231.35,136.66,94.69,Credit Card,May,5,Q2
ORD-2025-1471,2025-03-16 23:39:34.979149,North,Apparel,Sneakers,78.07,5,0.1,390.35,351.32,182.38,168.94,Credit Card,Mar,3,Q1
ORD-2025-1472,2025-06-16 08:46:02.301918,North,Electronics,Smartwatch,281.11,1,0.0,281.11,281.11,168.97,112.14,Credit Card,Jun,6,Q2
ORD-2025-1473,2025-10-27 15:21:10.058381,East,Sports & Outdoors,Yoga Mat,148.03,1,0.15,148.03,125.83,61.81,64.02,UPI / Wallet,Oct,10,Q4
ORD-2025-1474,2025-10-15 11:54:35.729774,South,Sports & Outdoors,Bicycle,302.27,2,0.0,604.54,604.54,335.97,268.57,Debit Card,Oct,10,Q4
ORD-2025-1475,2025-06-24 20:46:38.331943,North,Home & Kitchen,Blender,105.07,4,0.0,420.28,420.28,266.85,153.43,Credit Card,Jun,6,Q2
ORD-2025-1476,2025-06-13 15:11:33.577981,North,Home & Kitchen,Blender,217.92,2,0.0,435.84,435.84,281.38,154.46,Credit Card,Jun,6,Q2
ORD-2025-1477,2025-04-30 07:25:34.278565,North,Apparel,Jeans,33.59,1,0.15,33.59,28.55,21.38,7.17,UPI / Wallet,Apr,4,Q2
ORD-2025-1478,2025-10-31 14:04:18.215179,East,Beauty & Care,Makeup Kit,50.16,4,0.0,200.64,200.64,150.2,50.44,Credit Card,Oct,10,Q4
ORD-2025-1479,2025-04-03 21:32:16.613844,North,Home & Kitchen,Blender,91.72,2,0.0,183.44,183.44,122.95,60.49,Credit Card,Apr,4,Q2
ORD-2025-1480,2025-04-27 06:33:55.696413,North,Sports & Outdoors,Dumbbell Set,199.78,1,0.0,199.78,199.78,114.37,85.41,UPI / Wallet,Apr,4,Q2
ORD-2025-1481,2025-11-25 11:31:46.588824,East,Apparel,Jeans,162.49,2,0.0,324.98,324.98,192.0,132.98,Credit Card,Nov,11,Q4
ORD-2025-1482,2025-11-11 05:05:03.252710,South,Electronics,Smartphone,1132.99,1,0.0,1132.99,1132.99,586.09,546.9,Credit Card,Nov,11,Q4
ORD-2025-1483,2025-11-16 08:56:50.842368,East,Electronics,Headphones,481.51,1,0.1,481.51,433.36,307.46,125.9,UPI / Wallet,Nov,11,Q4
ORD-2025-1484,2025-07-09 17:47:41.384487,East,Sports & Outdoors,Dumbbell Set,106.97,4,0.0,427.88,427.88,246.6,181.28,Credit Card,Jul,7,Q3
ORD-2025-1485,2025-06-07 13:28:16.413678,South,Beauty & Care,Skincare Set,36.37,2,0.0,72.74,72.74,38.93,33.81,Credit Card,Jun,6,Q2
ORD-2025-1486,2025-10-02 10:36:31.826522,South,Home & Kitchen,Coffee Maker,320.89,2,0.0,641.78,641.78,489.69,152.09,Credit Card,Oct,10,Q4
ORD-2025-1487,2025-01-14 23:09:33.477898,West,Apparel,Jacket,94.11,1,0.1,94.11,84.7,53.36,31.34,Credit Card,Jan,1,Q1
ORD-2025-1488,2025-09-26 16:10:24.520433,South,Sports & Outdoors,Bicycle,274.01,2,0.1,548.02,493.22,278.92,214.3,Credit Card,Sep,9,Q3
ORD-2025-1489,2025-10-27 00:46:50.341951,North,Beauty & Care,Makeup Kit,64.97,5,0.0,324.85,324.85,204.07,120.78,Credit Card,Oct,10,Q4
ORD-2025-1490,2025-12-12 11:32:58.648874,West,Electronics,Headphones,577.11,2,0.0,1154.22,1154.22,718.45,435.77,Credit Card,Dec,12,Q4
ORD-2025-1491,2025-05-06 01:51:41.584653,South,Electronics,Laptop,614.83,4,0.0,2459.32,2459.32,1593.51,865.81,Credit Card,May,5,Q2
ORD-2025-1492,2025-02-10 01:45:41.284403,North,Sports & Outdoors,Water Bottle,287.66,5,0.2,1438.3,1150.64,731.74,418.9,UPI / Wallet,Feb,2,Q1
ORD-2025-1493,2025-05-08 19:26:10.308590,North,Apparel,Sneakers,117.09,5,0.0,585.45,585.45,310.57,274.88,UPI / Wallet,May,5,Q2
ORD-2025-1494,2025-12-07 14:58:20.917431,East,Home & Kitchen,Air Fryer,328.28,3,0.0,984.84,984.84,629.81,355.03,Debit Card,Dec,12,Q4
ORD-2025-1495,2025-03-10 07:21:58.098415,East,Apparel,Jeans,38.05,1,0.1,38.05,34.24,22.29,11.95,Credit Card,Mar,3,Q1
ORD-2025-1496,2025-02-10 01:45:41.284403,West,Electronics,Smartphone,653.61,1,0.0,653.61,653.61,461.13,192.48,Cash on Delivery,Feb,2,Q1
ORD-2025-1497,2025-12-07 14:58:20.917431,South,Home & Kitchen,Air Fryer,236.93,1,0.0,236.93,236.93,122.3,114.63,Cash on Delivery,Dec,12,Q4
ORD-2025-1498,2025-01-20 03:01:21.067556,North,Apparel,Sneakers,88.23,1,0.0,88.23,88.23,52.06,36.17,Debit Card,Jan,1,Q1
ORD-2025-1499,2025-09-02 09:17:15.863219,East,Electronics,Laptop,570.37,5,0.05,2851.85,2709.26,1553.07,1156.19,Credit Card,Sep,9,Q3
ORD-2025-1500,2025-09-30 14:53:32.677231,West,Beauty & Care,Perfume,48.92,3,0.05,146.76,139.42,92.98,46.44,Cash on Delivery,Sep,9,Q3
ORD-2025-1501,2025-05-09 02:43:20.166805,East,Sports & Outdoors,Bicycle,261.58,3,0.0,784.74,784.74,471.0,313.74,Credit Card,May,5,Q2
ORD-2025-1502,2025-07-29 18:40:32.026688,South,Sports & Outdoors,Water Bottle,347.84,1,0.0,347.84,347.84,203.67,144.17,Credit Card,Jul,7,Q3
ORD-2025-1503,2025-01-04 15:25:58.298582,North,Electronics,Laptop,1160.45,3,0.05,3481.35,3307.28,1652.56,1654.72,Credit Card,Jan,1,Q1
ORD-2025-1504,2025-12-09 03:24:10.208507,East,Apparel,T-Shirt,38.87,4,0.0,155.48,155.48,87.69,67.79,Credit Card,Dec,12,Q4
ORD-2025-1505,2025-08-01 04:57:50.892410,South,Apparel,Jeans,124.08,1,0.0,124.08,124.08,81.23,42.85,Credit Card,Aug,8,Q3
ORD-2025-1506,2025-06-09 23:45:35.279399,South,Apparel,Sneakers,157.24,1,0.0,157.24,157.24,105.73,51.51,UPI / Wallet,Jun,6,Q2
ORD-2025-1507,2025-02-17 15:54:47.739783,West,Sports & Outdoors,Dumbbell Set,159.99,5,0.1,799.95,719.96,363.34,356.62,Cash on Delivery,Feb,2,Q1
ORD-2025-1508,2025-07-05 19:04:33.227689,South,Electronics,Smartwatch,1177.25,1,0.0,1177.25,1177.25,804.13,373.12,UPI / Wallet,Jul,7,Q3
ORD-2025-1509,2025-06-08 18:36:55.846538,North,Sports & Outdoors,Dumbbell Set,135.04,1,0.0,135.04,135.04,76.6,58.44,Credit Card,Jun,6,Q2
ORD-2025-1510,2025-03-20 07:48:23.419516,South,Electronics,Headphones,741.92,2,0.15,1483.84,1261.26,850.39,410.87,UPI / Wallet,Mar,3,Q1
ORD-2025-1511,2025-10-28 13:12:39.633027,North,Electronics,Smartphone,667.68,1,0.0,667.68,667.68,513.85,153.83,Credit Card,Oct,10,Q4
ORD-2025-1512,2025-11-18 19:14:09.708090,East,Beauty & Care,Hair Dryer,25.2,3,0.0,75.6,75.6,39.98,35.62,Debit Card,Nov,11,Q4
ORD-2025-1513,2025-10-30 23:29:58.498748,South,Home & Kitchen,Cookware Set,102.22,4,0.0,408.88,408.88,306.37,102.51,Credit Card,Oct,10,Q4
ORD-2025-1514,2025-09-06 00:43:14.161801,North,Home & Kitchen,Coffee Maker,344.14,2,0.0,688.28,688.28,431.08,257.2,UPI / Wallet,Sep,9,Q3
ORD-2025-1515,2025-10-02 10:36:31.826522,West,Beauty & Care,Makeup Kit,88.0,2,0.1,176.0,158.4,117.09,41.31,Debit Card,Oct,10,Q4
ORD-2025-1516,2025-04-23 15:07:57.397831,South,Apparel,Jeans,64.47,5,0.05,322.35,306.23,211.06,95.17,UPI / Wallet,Apr,4,Q2
ORD-2025-1517,2025-08-17 07:07:33.377814,North,Home & Kitchen,Air Fryer,214.09,2,0.1,428.18,385.36,241.88,143.48,UPI / Wallet,Aug,8,Q3
ORD-2025-1518,2025-03-09 02:13:18.665554,West,Beauty & Care,Perfume,33.56,5,0.0,167.8,167.8,120.87,46.93,Cash on Delivery,Mar,3,Q1
ORD-2025-1519,2025-10-23 16:38:01.901584,East,Electronics,Smartphone,1034.3,2,0.05,2068.6,1965.17,1377.98,587.19,Debit Card,Oct,10,Q4
ORD-2025-1520,2025-11-20 07:39:58.999165,North,Apparel,Sneakers,32.94,3,0.15,98.82,84.0,62.88,21.12,Credit Card,Nov,11,Q4
ORD-2025-1521,2025-04-10 06:32:43.636363,South,Apparel,Jacket,81.05,5,0.0,405.25,405.25,196.23,209.02,Debit Card,Apr,4,Q2
ORD-2025-1522,2025-12-11 13:41:29.074228,South,Beauty & Care,Skincare Set,104.31,3,0.0,312.93,312.93,207.41,105.52,UPI / Wallet,Dec,12,Q4
ORD-2025-1523,2025-05-18 19:52:35.629691,North,Apparel,Jeans,142.32,4,0.0,569.28,569.28,348.94,220.34,,May,5,Q2
ORD-2025-1524,2025-04-12 09:32:52.643869,South,Apparel,Jeans,30.77,2,0.0,61.54,61.54,38.41,23.13,Credit Card,Apr,4,Q2
ORD-2025-1525,2025-08-22 10:59:20.967472,North,Home & Kitchen,Air Fryer,148.5,1,0.1,148.5,133.65,65.69,67.96,Debit Card,Aug,8,Q3
ORD-2025-1526,2025-05-15 11:43:47.189324,East,Beauty & Care,Hair Dryer,91.36,5,0.0,456.8,456.8,282.92,173.88,Credit Card,May,5,Q2
ORD-2025-1527,2025-02-11 06:54:20.717264,North,Home & Kitchen,Coffee Maker,309.11,2,0.0,618.22,618.22,337.01,281.21,Credit Card,Feb,2,Q1
ORD-2025-1528,2025-03-13 00:56:26.822351,East,Sports & Outdoors,Bicycle,401.56,4,0.1,1606.24,1445.62,990.34,455.28,Credit Card,Mar,3,Q1
ORD-2025-1529,2025-12-11 20:58:38.932443,East,Sports & Outdoors,Dumbbell Set,252.4,1,0.0,252.4,252.4,163.38,89.02,UPI / Wallet,Dec,12,Q4
ORD-2025-1530,2025-03-12 10:22:07.105921,South,Beauty & Care,Perfume,73.81,2,0.0,147.62,147.62,109.58,38.04,Credit Card,Mar,3,Q1
ORD-2025-1531,2025-02-05 12:28:13.411175,South,Beauty & Care,Makeup Kit,100.58,5,0.2,502.9,402.32,241.84,160.48,UPI / Wallet,Feb,2,Q1
ORD-2025-1532,2025-11-06 01:13:15.663052,North,Home & Kitchen,Air Fryer,178.73,5,0.05,893.65,848.97,645.67,203.3,UPI / Wallet,Nov,11,Q4
ORD-2025-1533,2025-07-19 03:39:46.989157,South,Sports & Outdoors,Dumbbell Set,376.14,4,0.05,1504.56,1429.33,1032.25,397.08,UPI / Wallet,Jul,7,Q3
ORD-2025-1534,2025-09-18 11:26:58.348623,South,Sports & Outdoors,Yoga Mat,245.57,1,0.05,245.57,233.29,119.53,113.76,UPI / Wallet,Sep,9,Q3
ORD-2025-1535,2025-01-19 12:27:01.351125,East,Sports & Outdoors,Bicycle,316.63,2,0.0,633.26,633.26,387.28,245.98,Debit Card,Jan,1,Q1
ORD-2025-1536,2025-12-18 20:33:25.671392,South,Apparel,Jacket,161.78,3,0.05,485.34,461.07,356.37,104.7,Credit Card,Dec,12,Q4
ORD-2025-1537,2025-09-19 02:01:18.065054,West,Apparel,Jeans,157.77,4,0.1,631.08,567.97,317.74,250.23,Debit Card,Sep,9,Q3
ORD-2025-1538,2025-06-06 22:53:56.697247,West,Home & Kitchen,Cookware Set,175.18,1,0.0,175.18,175.18,105.59,69.59,UPI / Wallet,Jun,6,Q2
ORD-2025-1539,2025-04-30 07:25:34.278565,West,Beauty & Care,Skincare Set,31.47,3,0.05,94.41,89.69,64.63,25.06,Credit Card,Apr,4,Q2
ORD-2025-1540,2025-02-18 21:03:27.172643,West,Electronics,Headphones,452.57,1,0.1,452.57,407.31,289.55,117.76,UPI / Wallet,Feb,2,Q1
ORD-2025-1541,2025-12-11 20:58:38.932443,North,Beauty & Care,Perfume,25.54,3,0.0,76.62,76.62,38.01,38.61,UPI / Wallet,Dec,12,Q4
ORD-2025-1542,2025-03-22 18:05:42.285237,East,Home & Kitchen,Blender,200.31,5,0.1,1001.55,901.4,532.76,368.64,Credit Card,Mar,3,Q1
ORD-2025-1543,2025-01-25 21:27:28.373644,West,Apparel,T-Shirt,90.78,1,0.0,90.78,90.78,58.72,32.06,Debit Card,Jan,1,Q1
ORD-2025-1544,2025-04-05 02:40:56.046705,North,Apparel,Jacket,119.19,3,0.1,357.57,321.81,176.53,145.28,Cash on Delivery,Apr,4,Q2
ORD-2025-1545,2025-06-30 07:55:35.779816,East,Electronics,Smartwatch,181.98,1,0.0,181.98,181.98,129.62,52.36,Credit Card,Jun,6,Q2
ORD-2025-1546,2025-08-03 00:40:50.041701,West,Sports & Outdoors,Yoga Mat,381.1,2,0.0,762.2,762.2,568.1,194.1,Credit Card,Aug,8,Q3
ORD-2025-1547,2025-07-06 09:38:52.944120,West,Home & Kitchen,Blender,233.26,5,0.0,1166.3,1166.3,736.58,429.72,Credit Card,Jul,7,Q3
ORD-2025-1548,2025-12-16 02:58:56.947456,East,Apparel,Sneakers,76.79,2,0.0,153.58,153.58,106.65,46.93,UPI / Wallet,Dec,12,Q4
ORD-2025-1549,2025-07-03 08:47:14.361968,North,Apparel,Jacket,119.22,4,0.0,476.88,476.88,278.12,198.76,Credit Card,Jul,7,Q3
ORD-2025-1550,2025-07-21 21:14:15.713094,East,Beauty & Care,Skincare Set,90.68,4,0.0,362.72,362.72,182.2,180.52,UPI / Wallet,Jul,7,Q3
ORD-2025-1551,2025-03-25 04:23:01.150959,West,Beauty & Care,Perfume,24.91,3,0.0,74.73,74.73,54.32,20.41,UPI / Wallet,Mar,3,Q1
ORD-2025-1552,2025-07-10 01:04:51.242702,West,Home & Kitchen,Cookware Set,278.42,5,0.05,1392.1,1322.5,886.33,436.17,Debit Card,Jul,7,Q3
ORD-2025-1553,2025-08-12 17:50:05.504587,North,Home & Kitchen,Cookware Set,135.59,5,0.0,677.95,677.95,391.96,285.99,UPI / Wallet,Aug,8,Q3
ORD-2025-1554,2025-09-22 17:27:16.363636,North,Sports & Outdoors,Bicycle,226.01,2,0.1,452.02,406.82,198.61,208.21,Credit Card,Sep,9,Q3
ORD-2025-1555,2025-08-25 04:33:49.691409,South,Apparel,Jeans,151.76,1,0.15,151.76,129.0,77.89,51.11,Credit Card,Aug,8,Q3
ORD-2025-1556,2025-08-01 04:57:50.892410,East,Home & Kitchen,Air Fryer,122.98,2,0.0,245.96,245.96,126.01,119.95,Credit Card,Aug,8,Q3
ORD-2025-1557,2025-10-04 06:19:30.975813,West,Beauty & Care,Skincare Set,45.12,2,0.1,90.24,81.22,49.71,31.51,Credit Card,Oct,10,Q4
ORD-2025-1558,2025-05-22 11:18:33.928273,South,Beauty & Care,Skincare Set,94.44,1,0.05,94.44,89.72,46.48,43.24,Credit Card,May,5,Q2
ORD-2025-1559,2025-10-17 22:11:54.595496,North,Sports & Outdoors,Water Bottle,300.11,1,0.1,300.11,270.1,209.25,60.85,UPI / Wallet,Oct,10,Q4
ORD-2025-1560,2025-09-15 10:35:19.766472,North,Apparel,T-Shirt,57.21,2,0.1,114.42,102.98,62.97,40.01,UPI / Wallet,Sep,9,Q3
ORD-2025-1561,2025-04-27 13:51:05.554628,South,Apparel,Sneakers,113.54,2,0.15,227.08,193.02,104.32,88.7,Credit Card,Apr,4,Q2
ORD-2025-1562,2025-10-24 21:46:41.334445,East,Sports & Outdoors,Water Bottle,20.47,3,0.1,61.41,55.27,39.07,16.2,UPI / Wallet,Oct,10,Q4
ORD-2025-1563,2025-08-26 16:59:38.982485,East,Sports & Outdoors,Bicycle,161.75,5,0.05,808.75,768.31,401.57,366.74,UPI / Wallet,Aug,8,Q3
ORD-2025-1564,2025-08-01 04:57:50.892410,North,Electronics,Smartphone,511.83,3,0.0,1535.49,1535.49,1131.88,403.61,Debit Card,Aug,8,Q3
ORD-2025-1565,2025-06-13 15:11:33.577981,East,Sports & Outdoors,Dumbbell Set,192.43,1,0.0,192.43,192.43,120.17,72.26,UPI / Wallet,Jun,6,Q2
ORD-2025-1566,2025-06-22 03:12:09.608006,North,Electronics,Headphones,1028.71,3,0.05,3086.13,2931.82,2230.09,701.73,Cash on Delivery,Jun,6,Q2
ORD-2025-1567,2025-11-26 09:23:16.163469,West,Beauty & Care,Makeup Kit,71.13,4,0.0,284.52,284.52,197.41,87.11,UPI / Wallet,Nov,11,Q4
ORD-2025-1568,2025-07-13 16:30:49.541284,West,Apparel,Jeans,99.69,2,0.1,199.38,179.44,89.3,90.14,Debit Card,Jul,7,Q3
ORD-2025-1569,2025-06-15 03:37:22.869057,East,Sports & Outdoors,Dumbbell Set,139.23,5,0.0,696.15,696.15,432.97,263.18,Credit Card,Jun,6,Q2
ORD-2025-1570,2025-10-28 20:29:49.491242,South,Home & Kitchen,Cookware Set,172.16,5,0.0,860.8,860.8,657.35,203.45,UPI / Wallet,Oct,10,Q4
ORD-2025-1571,2025-06-19 16:54:50.742285,South,Sports & Outdoors,Yoga Mat,224.77,2,0.15,449.54,382.11,209.75,172.36,UPI / Wallet,Jun,6,Q2
ORD-2025-1572,2025-12-17 00:50:26.522101,North,Apparel,T-Shirt,87.78,2,0.15,175.56,149.23,109.39,39.84,Credit Card,Dec,12,Q4
ORD-2025-1573,2025-12-19 18:24:55.246038,North,Beauty & Care,Makeup Kit,28.54,3,0.1,85.62,77.06,52.94,24.12,UPI / Wallet,Dec,12,Q4
ORD-2025-1574,2025-08-03 15:15:09.758131,North,Electronics,Headphones,970.36,3,0.05,2911.08,2765.53,2097.46,668.07,Cash on Delivery,Aug,8,Q3
ORD-2025-1575,2025-06-10 21:37:04.854045,West,Apparel,Jacket,135.85,5,0.05,679.25,645.29,487.28,158.01,UPI / Wallet,Jun,6,Q2
ORD-2025-1576,2025-07-30 09:14:51.743119,South,Home & Kitchen,Blender,190.55,1,0.0,190.55,190.55,130.24,60.31,UPI / Wallet,Jul,7,Q3
ORD-2025-1577,2025-02-11 14:11:30.575479,North,Beauty & Care,Skincare Set,71.07,4,0.0,284.28,284.28,179.8,104.48,Debit Card,Feb,2,Q1
ORD-2025-1578,2025-12-09 03:24:10.208507,North,Apparel,Sneakers,130.49,4,0.0,521.96,521.96,370.96,151.0,Debit Card,Dec,12,Q4
ORD-2025-1579,2025-06-01 04:27:49.391159,South,Sports & Outdoors,Water Bottle,90.15,4,0.15,360.6,306.51,182.49,124.02,Credit Card,Jun,6,Q2
ORD-2025-1580,2025-10-13 01:37:16.864053,West,Home & Kitchen,Blender,210.32,1,0.05,210.32,199.8,117.59,82.21,Credit Card,Oct,10,Q4
ORD-2025-1581,2025-06-16 23:20:22.018348,South,Home & Kitchen,Cookware Set,138.35,5,0.1,691.75,622.58,323.65,298.93,UPI / Wallet,Jun,6,Q2
ORD-2025-1582,2025-12-03 01:40:53.044203,North,Electronics,Laptop,1076.35,1,0.0,1076.35,1076.35,695.29,381.06,Credit Card,Dec,12,Q4
ORD-2025-1583,2025-06-30 15:12:45.638031,South,Home & Kitchen,Blender,197.77,4,0.05,791.08,751.53,518.97,232.56,Credit Card,Jun,6,Q2
ORD-2025-1584,2025-07-03 16:04:24.220183,South,Beauty & Care,Perfume,74.66,1,0.0,74.66,74.66,55.27,19.39,UPI / Wallet,Jul,7,Q3
ORD-2025-1585,2025-07-20 16:05:36.280233,South,Electronics,Smartphone,491.99,5,0.15,2459.95,2090.96,1479.95,611.01,Credit Card,Jul,7,Q3
ORD-2025-1586,2025-12-08 12:49:50.492076,North,Beauty & Care,Perfume,102.08,1,0.0,102.08,102.08,54.17,47.91,Debit Card,Dec,12,Q4
ORD-2025-1587,2025-01-18 00:01:12.060050,South,Home & Kitchen,Air Fryer,104.55,2,0.0,209.1,209.1,131.47,77.63,Debit Card,Jan,1,Q1
ORD-2025-1588,2025-01-03 10:17:18.865721,West,Home & Kitchen,Air Fryer,269.41,5,0.05,1347.05,1279.7,808.77,470.93,Credit Card,Jan,1,Q1
ORD-2025-1589,2025-03-01 04:47:02.351959,South,Beauty & Care,Hair Dryer,78.68,4,0.15,314.72,267.51,128.66,138.85,Credit Card,Mar,3,Q1
ORD-2025-1590,2025-06-12 17:20:04.003336,East,Electronics,Headphones,828.35,1,0.1,828.35,745.52,551.2,194.32,Credit Card,Jun,6,Q2
ORD-2025-1591,2025-09-11 19:09:21.467889,South,Home & Kitchen,Air Fryer,77.12,1,0.0,77.12,77.12,49.51,27.61,Credit Card,Sep,9,Q3
ORD-2025-1592,2025-10-13 23:28:46.438698,East,Sports & Outdoors,Water Bottle,417.16,1,0.0,417.16,417.16,322.95,94.21,Cash on Delivery,Oct,10,Q4
ORD-2025-1593,2025-04-23 22:25:07.256046,South,Electronics,Smartwatch,752.67,4,0.0,3010.68,3010.68,1911.01,1099.67,UPI / Wallet,Apr,4,Q2
ORD-2025-1594,2025-07-21 06:39:55.996663,East,Home & Kitchen,Air Fryer,348.32,1,0.0,348.32,348.32,234.41,113.91,UPI / Wallet,Jul,7,Q3
ORD-2025-1595,2025-10-27 22:38:19.916597,North,Electronics,Smartphone,159.62,2,0.05,319.24,303.28,188.51,114.77,Cash on Delivery,Oct,10,Q4
ORD-2025-1596,2025-07-22 11:48:35.429524,East,Home & Kitchen,Coffee Maker,284.18,2,0.1,568.36,511.52,381.6,129.92,Debit Card,Jul,7,Q3
ORD-2025-1597,2025-12-28 13:42:41.134278,South,Home & Kitchen,Coffee Maker,61.64,2,0.0,123.28,123.28,79.11,44.17,UPI / Wallet,Dec,12,Q4
ORD-2025-1598,2025-04-19 16:24:49.241034,East,Apparel,Jeans,122.07,1,0.0,122.07,122.07,74.28,47.79,Credit Card,Apr,4,Q2
ORD-2025-1599,2025-12-27 01:16:51.843202,East,Sports & Outdoors,Yoga Mat,402.25,3,0.05,1206.75,1146.41,735.37,411.04,Credit Card,Dec,12,Q4
ORD-2025-1600,2025-09-21 12:18:36.930775,East,Apparel,Sneakers,133.39,4,0.0,533.56,533.56,271.32,262.24,Debit Card,Sep,9,Q3
ORD-2025-1601,2025-11-23 01:14:27.723102,South,Home & Kitchen,Coffee Maker,347.42,2,0.0,694.84,694.84,337.39,357.45,Credit Card,Nov,11,Q4
ORD-2025-1602,2025-02-07 00:54:02.702251,East,Apparel,Jacket,116.85,3,0.0,350.55,350.55,193.77,156.78,Debit Card,Feb,2,Q1
ORD-2025-1603,2025-09-22 02:52:56.647206,West,Beauty & Care,Skincare Set,93.43,2,0.0,186.86,186.86,94.45,92.41,Credit Card,Sep,9,Q3
ORD-2025-1604,2025-09-26 23:27:34.378648,South,Home & Kitchen,Air Fryer,319.79,1,0.05,319.79,303.8,185.4,118.4,UPI / Wallet,Sep,9,Q3
ORD-2025-1605,2025-03-15 18:30:55.546288,North,Electronics,Headphones,406.95,1,0.05,406.95,386.6,235.5,151.1,Credit Card,Mar,3,Q1
ORD-2025-1606,2025-03-04 20:13:00.650542,North,Beauty & Care,Perfume,81.32,2,0.1,162.64,146.38,71.66,74.72,Debit Card,Mar,3,Q1
ORD-2025-1607,2025-11-02 17:04:27.222685,North,Apparel,T-Shirt,32.29,4,0.15,129.16,109.79,55.52,54.27,Credit Card,Nov,11,Q4
ORD-2025-1608,2025-04-30 14:42:44.136780,South,Electronics,Smartwatch,1181.24,1,0.05,1181.24,1122.18,875.17,247.01,Debit Card,Apr,4,Q2
ORD-2025-1609,2025-10-25 19:38:10.909090,North,Home & Kitchen,Coffee Maker,317.65,2,0.0,635.3,635.3,328.77,306.53,Credit Card,Oct,10,Q4
ORD-2025-1610,2025-01-18 21:52:41.634695,East,Electronics,Headphones,841.99,1,0.05,841.99,799.89,493.16,306.73,Credit Card,Jan,1,Q1
ORD-2025-1611,2025-01-17 16:44:02.201834,West,Sports & Outdoors,Water Bottle,440.55,1,0.05,440.55,418.52,282.62,135.9,Cash on Delivery,Jan,1,Q1
ORD-2025-1612,2025-12-21 14:07:54.395329,South,Beauty & Care,Skincare Set,103.3,4,0.0,413.2,413.2,303.52,109.68,Credit Card,Dec,12,Q4
ORD-2025-1613,2025-05-07 07:00:21.017514,South,Beauty & Care,Perfume,31.99,1,0.0,31.99,31.99,19.85,12.14,UPI / Wallet,May,5,Q2
ORD-2025-1614,2025-06-13 07:54:23.719766,East,Sports & Outdoors,Dumbbell Set,96.95,3,0.05,290.85,276.31,186.32,89.99,Credit Card,Jun,6,Q2
ORD-2025-1615,2025-07-16 02:48:08.407005,West,Beauty & Care,Hair Dryer,102.97,1,0.05,102.97,97.82,68.44,29.38,UPI / Wallet,Jul,7,Q3
ORD-2025-1616,2025-02-05 05:11:03.552960,East,Home & Kitchen,Air Fryer,193.85,4,0.05,775.4,736.63,535.66,200.97,UPI / Wallet,Feb,2,Q1
ORD-2025-1617,2025-04-24 12:59:26.972477,West,Beauty & Care,Skincare Set,93.17,1,0.05,93.17,88.51,64.02,24.49,Cash on Delivery,Apr,4,Q2
ORD-2025-1618,2025-11-08 04:13:24.670558,South,Home & Kitchen,Coffee Maker,64.4,3,0.05,193.2,183.54,105.51,78.03,UPI / Wallet,Nov,11,Q4
ORD-2025-1619,2025-06-23 15:37:58.899082,East,Apparel,Sneakers,39.68,5,0.0,198.4,198.4,119.68,78.72,UPI / Wallet,Jun,6,Q2
ORD-2025-1620,2025-07-07 14:47:32.376980,West,Electronics,Headphones,169.3,5,0.05,846.5,804.18,503.46,300.72,UPI / Wallet,Jul,7,Q3
ORD-2025-1621,2025-03-07 06:30:19.516263,North,Electronics,Headphones,595.39,2,0.15,1190.78,1012.16,698.74,313.42,Credit Card,Mar,3,Q1
ORD-2025-1622,2025-07-23 16:57:14.862385,East,Sports & Outdoors,Water Bottle,58.77,3,0.0,176.31,176.31,90.56,85.75,UPI / Wallet,Jul,7,Q3
ORD-2025-1623,2025-02-08 20:37:01.851542,South,Sports & Outdoors,Dumbbell Set,113.98,1,0.0,113.98,113.98,57.73,56.25,Debit Card,Feb,2,Q1
ORD-2025-1624,2025-03-14 20:39:25.971643,North,Home & Kitchen,Blender,212.8,3,0.0,638.4,638.4,327.0,311.4,UPI / Wallet,Mar,3,Q1
ORD-2025-1625,2025-03-30 22:49:08.457047,East,Electronics,Laptop,1198.85,1,0.1,1198.85,1078.96,643.83,435.13,Credit Card,Mar,3,Q1
ORD-2025-1626,2025-01-14 01:18:03.903252,South,Sports & Outdoors,Dumbbell Set,370.79,1,0.05,370.79,352.25,200.91,151.34,Debit Card,Jan,1,Q1
ORD-2025-1627,2025-05-23 23:44:23.219349,North,Sports & Outdoors,Bicycle,326.66,5,0.05,1633.3,1551.64,1014.36,537.28,Cash on Delivery,May,5,Q2
ORD-2025-1628,2025-01-21 00:52:50.642201,West,Sports & Outdoors,Yoga Mat,234.07,1,0.0,234.07,234.07,135.61,98.46,UPI / Wallet,Jan,1,Q1
ORD-2025-1629,2025-10-10 00:45:38.281901,West,Electronics,Laptop,982.01,1,0.15,982.01,834.71,441.5,393.21,Cash on Delivery,Oct,10,Q4
ORD-2025-1630,2025-12-03 23:32:22.618849,South,Beauty & Care,Perfume,56.94,3,0.2,170.82,136.66,68.42,68.24,Debit Card,Dec,12,Q4
ORD-2025-1631,2025-05-26 17:18:51.943286,North,Electronics,Laptop,598.88,1,0.1,598.88,538.99,307.02,231.97,Debit Card,May,5,Q2
ORD-2025-1632,2025-05-22 18:35:43.786488,West,Sports & Outdoors,Yoga Mat,340.56,5,0.0,1702.8,1702.8,929.97,772.83,Credit Card,May,5,Q2
ORD-2025-1633,2025-04-16 22:50:20.517097,East,Home & Kitchen,Coffee Maker,184.1,1,0.05,184.1,174.9,124.19,50.71,UPI / Wallet,Apr,4,Q2
ORD-2025-1634,2025-12-10 23:07:09.357798,East,Electronics,Headphones,675.32,2,0.0,1350.64,1350.64,833.76,516.88,Credit Card,Dec,12,Q4
ORD-2025-1635,2025-11-10 14:30:43.536280,North,Beauty & Care,Hair Dryer,93.43,1,0.05,93.43,88.76,50.44,38.32,UPI / Wallet,Nov,11,Q4
ORD-2025-1636,2025-11-09 23:56:23.819849,North,Sports & Outdoors,Bicycle,384.82,1,0.0,384.82,384.82,185.84,198.98,Credit Card,Nov,11,Q4
ORD-2025-1637,2025-04-28 04:25:25.271059,North,Apparel,Jacket,52.29,5,0.05,261.45,248.38,179.73,68.65,UPI / Wallet,Apr,4,Q2
ORD-2025-1638,2025-11-19 02:31:19.566305,West,Home & Kitchen,Blender,163.13,4,0.1,652.52,587.27,286.96,300.31,Credit Card,Nov,11,Q4
ORD-2025-1639,2025-07-30 23:49:11.459549,East,Electronics,Headphones,875.15,2,0.0,1750.3,1750.3,1062.32,687.98,Credit Card,Jul,7,Q3
ORD-2025-1640,2025-11-24 13:40:17.014178,South,Home & Kitchen,Blender,141.25,2,0.0,282.5,282.5,192.15,90.35,Credit Card,Nov,11,Q4
ORD-2025-1641,2025-04-06 22:23:55.195996,East,Electronics,Headphones,275.88,3,0.0,827.64,827.64,443.87,383.77,Debit Card,Apr,4,Q2
ORD-2025-1642,2025-03-20 15:05:33.277731,North,Sports & Outdoors,Yoga Mat,232.66,1,0.05,232.66,221.03,170.32,50.71,UPI / Wallet,Mar,3,Q1
ORD-2025-1643,2025-03-22 10:48:32.427022,West,Sports & Outdoors,Yoga Mat,237.98,2,0.1,475.96,428.36,210.15,218.21,Credit Card,Mar,3,Q1
ORD-2025-1644,2025-10-26 02:55:20.767306,West,Home & Kitchen,Air Fryer,269.28,3,0.0,807.84,807.84,555.9,251.94,Debit Card,Oct,10,Q4
ORD-2025-1645,2025-04-10 21:07:03.352793,East,Home & Kitchen,Air Fryer,250.22,4,0.0,1000.88,1000.88,567.12,433.76,Credit Card,Apr,4,Q2
ORD-2025-1646,2025-08-26 02:25:19.266055,East,Beauty & Care,Hair Dryer,104.08,4,0.0,416.32,416.32,252.06,164.26,Credit Card,Aug,8,Q3
ORD-2025-1647,2025-11-15 18:22:31.125938,East,Apparel,Jacket,33.48,5,0.15,167.4,142.29,108.65,33.64,Credit Card,Nov,11,Q4
ORD-2025-1648,2025-08-07 13:58:17.914929,West,Home & Kitchen,Cookware Set,40.24,5,0.15,201.2,171.02,122.69,48.33,UPI / Wallet,Aug,8,Q3
ORD-2025-1649,2025-01-07 23:34:46.738949,East,Sports & Outdoors,Water Bottle,89.5,4,0.0,358.0,358.0,180.28,177.72,Credit Card,Jan,1,Q1
ORD-2025-1650,2025-07-16 17:22:28.123436,West,Beauty & Care,Perfume,108.17,4,0.0,432.68,432.68,326.98,105.7,UPI / Wallet,Jul,7,Q3
ORD-2025-1651,2025-09-03 21:43:05.154295,East,Electronics,Headphones,805.94,5,0.15,4029.7,3425.24,2364.91,1060.33,Cash on Delivery,Sep,9,Q3
ORD-2025-1652,2025-05-22 11:18:33.928273,East,Home & Kitchen,Blender,49.56,3,0.15,148.68,126.38,79.61,46.77,UPI / Wallet,May,5,Q2
ORD-2025-1653,2025-05-15 11:43:47.189324,West,Apparel,Jeans,56.53,1,0.0,56.53,56.53,42.01,14.52,Cash on Delivery,May,5,Q2
ORD-2025-1654,2025-09-14 05:26:40.333611,South,Sports & Outdoors,Yoga Mat,119.06,1,0.05,119.06,113.11,71.9,41.21,UPI / Wallet,Sep,9,Q3
ORD-2025-1655,2025-01-10 02:34:55.746455,South,Beauty & Care,Perfume,55.44,2,0.05,110.88,105.34,55.15,50.19,Cash on Delivery,Jan,1,Q1
ORD-2025-1656,2025-03-22 18:05:42.285237,South,Electronics,Smartwatch,249.81,1,0.0,249.81,249.81,126.96,122.85,Debit Card,Mar,3,Q1
ORD-2025-1657,2025-04-26 15:59:35.979983,West,Home & Kitchen,Coffee Maker,250.87,2,0.0,501.74,501.74,389.3,112.44,Credit Card,Apr,4,Q2
ORD-2025-1658,2025-03-12 10:22:07.105921,North,Beauty & Care,Makeup Kit,60.79,3,0.0,182.37,182.37,139.22,43.15,Credit Card,Mar,3,Q1
ORD-2025-1659,2025-05-10 15:09:09.457881,South,Beauty & Care,Makeup Kit,49.78,3,0.1,149.34,134.41,91.58,42.83,UPI / Wallet,May,5,Q2
ORD-2025-1660,2025-10-23 16:38:01.901584,South,Apparel,T-Shirt,125.32,1,0.05,125.32,119.05,72.71,46.34,UPI / Wallet,Oct,10,Q4
ORD-2025-1661,2025-10-10 08:02:48.140116,North,Home & Kitchen,Coffee Maker,86.65,4,0.1,346.6,311.94,198.11,113.83,Debit Card,Oct,10,Q4
ORD-2025-1662,2025-09-21 19:35:46.788990,South,Sports & Outdoors,Water Bottle,223.21,1,0.2,223.21,178.57,132.3,46.27,Debit Card,Sep,9,Q3
ORD-2025-1663,2025-07-03 01:30:04.503753,South,Home & Kitchen,Cookware Set,55.28,5,0.0,276.4,276.4,176.39,100.01,UPI / Wallet,Jul,7,Q3
ORD-2025-1664,2025-04-30 21:59:53.994995,West,Beauty & Care,Hair Dryer,106.35,1,0.0,106.35,106.35,59.72,46.63,Credit Card,Apr,4,Q2
ORD-2025-1665,2025-11-06 08:30:25.521267,South,Electronics,Headphones,268.79,2,0.05,537.58,510.7,366.24,144.46,Credit Card,Nov,11,Q4
ORD-2025-1666,2025-07-27 15:40:23.019182,East,Apparel,Jeans,78.59,3,0.1,235.77,212.19,107.34,104.85,Debit Card,Jul,7,Q3
ORD-2025-1667,2025-09-12 09:43:41.184320,North,Apparel,Sneakers,73.81,5,0.0,369.05,369.05,211.65,157.4,UPI / Wallet,Sep,9,Q3
ORD-2025-1668,2025-10-27 08:04:00.200166,North,Sports & Outdoors,Dumbbell Set,193.7,1,0.1,193.7,174.33,98.89,75.44,Credit Card,Oct,10,Q4
ORD-2025-1669,2025-03-08 18:56:08.807339,East,Home & Kitchen,Cookware Set,140.15,5,0.0,700.75,700.75,402.19,298.56,Cash on Delivery,Mar,3,Q1
ORD-2025-1670,2025-08-25 04:33:49.691409,South,Electronics,Smartphone,436.82,2,0.05,873.64,829.96,623.53,206.43,Cash on Delivery,Aug,8,Q3
ORD-2025-1671,2025-03-26 09:31:40.583819,South,Beauty & Care,Skincare Set,87.29,4,0.0,349.16,349.16,201.42,147.74,Debit Card,Mar,3,Q1
ORD-2025-1672,2025-10-01 12:45:02.251876,East,Apparel,T-Shirt,102.17,4,0.1,408.68,367.81,263.33,104.48,Credit Card,Oct,10,Q4
ORD-2025-1673,2025-02-07 15:28:22.418682,South,Home & Kitchen,Cookware Set,286.11,3,0.0,858.33,858.33,449.31,409.02,Credit Card,Feb,2,Q1
ORD-2025-1674,2025-01-04 08:08:48.440366,North,Electronics,Smartwatch,1139.27,3,0.0,3417.81,3417.81,1936.89,1480.92,Credit Card,Jan,1,Q1
ORD-2025-1675,2025-06-30 07:55:35.779816,North,Beauty & Care,Hair Dryer,43.45,4,0.15,173.8,147.73,109.79,37.94,Credit Card,Jun,6,Q2
ORD-2025-1676,2025-02-22 19:46:35.329441,North,Sports & Outdoors,Water Bottle,263.24,2,0.0,526.48,526.48,297.66,228.82,Credit Card,Feb,2,Q1
ORD-2025-1677,2025-04-07 12:58:14.912427,West,Apparel,Sneakers,107.6,4,0.0,430.4,430.4,322.09,108.31,UPI / Wallet,Apr,4,Q2
ORD-2025-1678,2025-01-30 03:27:46.388657,South,Apparel,T-Shirt,158.71,3,0.0,476.13,476.13,240.91,235.22,Credit Card,Jan,1,Q1
ORD-2025-1679,2025-03-18 19:22:34.128440,North,Beauty & Care,Hair Dryer,115.44,2,0.0,230.88,230.88,145.81,85.07,UPI / Wallet,Mar,3,Q1
ORD-2025-1680,2025-09-06 00:43:14.161801,South,Home & Kitchen,Coffee Maker,126.94,1,0.1,126.94,114.25,55.21,59.04,UPI / Wallet,Sep,9,Q3
ORD-2025-1681,2025-11-19 09:48:29.424520,East,Electronics,Headphones,150.26,1,0.05,150.26,142.75,87.31,55.44,UPI / Wallet,Nov,11,Q4
ORD-2025-1682,2025-11-07 13:39:04.954128,North,Home & Kitchen,Cookware Set,165.29,5,0.05,826.45,785.13,524.32,260.81,Cash on Delivery,Nov,11,Q4
ORD-2025-1683,2025-05-18 12:35:25.771476,South,Home & Kitchen,Air Fryer,248.38,3,0.0,745.14,745.14,422.05,323.09,Credit Card,May,5,Q2
ORD-2025-1684,2025-02-21 14:37:55.896580,East,Home & Kitchen,Blender,263.81,3,0.0,791.43,791.43,383.04,408.39,UPI / Wallet,Feb,2,Q1
ORD-2025-1685,2025-03-27 07:23:10.158465,South,Beauty & Care,Skincare Set,24.03,1,0.0,24.03,24.03,17.13,6.9,Credit Card,Mar,3,Q1
ORD-2025-1686,2025-07-11 13:30:40.533778,North,Sports & Outdoors,Yoga Mat,160.73,2,0.0,321.46,321.46,220.2,101.26,UPI / Wallet,Jul,7,Q3
ORD-2025-1687,2025-01-24 23:35:58.798999,North,Home & Kitchen,Air Fryer,165.94,1,0.0,165.94,165.94,114.23,51.71,Credit Card,Jan,1,Q1
ORD-2025-1688,2025-08-08 11:49:47.489574,West,Sports & Outdoors,Yoga Mat,151.31,4,0.1,605.24,544.72,273.11,271.61,Debit Card,Aug,8,Q3
ORD-2025-1689,2025-06-15 10:54:32.727272,North,Home & Kitchen,Air Fryer,151.46,4,0.0,605.84,605.84,390.43,215.41,Debit Card,Jun,6,Q2
ORD-2025-1690,2025-07-03 08:47:14.361968,North,Sports & Outdoors,Bicycle,157.71,2,0.0,315.42,315.42,214.52,100.9,UPI / Wallet,Jul,7,Q3
ORD-2025-1691,2025-03-30 15:31:58.598832,East,Home & Kitchen,Cookware Set,262.01,2,0.0,524.02,524.02,380.33,143.69,Credit Card,Mar,3,Q1
ORD-2025-1692,2025-06-07 13:28:16.413678,East,Home & Kitchen,Coffee Maker,139.16,5,0.05,695.8,661.01,377.56,283.45,Credit Card,Jun,6,Q2
ORD-2025-1693,2025-11-16 08:56:50.842368,East,Electronics,Smartwatch,929.31,5,0.0,4646.55,4646.55,3589.27,1057.28,UPI / Wallet,Nov,11,Q4
ORD-2025-1694,2025-07-15 19:30:58.548790,East,Home & Kitchen,Blender,63.1,2,0.1,126.2,113.58,85.41,28.17,UPI / Wallet,Jul,7,Q3
ORD-2025-1695,2025-02-12 04:45:50.291909,West,Sports & Outdoors,Water Bottle,238.46,5,0.0,1192.3,1192.3,858.05,334.25,Credit Card,Feb,2,Q1
ORD-2025-1696,2025-05-06 16:26:01.301084,East,Apparel,Jeans,29.52,1,0.1,29.52,26.57,13.89,12.68,UPI / Wallet,May,5,Q2
ORD-2025-1697,2025-04-26 15:59:35.979983,South,Electronics,Smartphone,897.27,5,0.1,4486.35,4037.72,2626.37,1411.35,Debit Card,Apr,4,Q2
ORD-2025-1698,2025-06-04 19:53:47.689741,North,Home & Kitchen,Blender,294.69,2,0.2,589.38,471.5,261.26,210.24,Debit Card,Jun,6,Q2
ORD-2025-1699,2025-02-02 11:36:34.829024,West,Apparel,T-Shirt,174.16,3,0.0,522.48,522.48,324.33,198.15,Credit Card,Feb,2,Q1
ORD-2025-1700,2025-09-17 20:52:38.632193,West,Electronics,Smartwatch,395.07,4,0.15,1580.28,1343.24,866.86,476.38,Credit Card,Sep,9,Q3
ORD-2025-1701,2025-04-04 04:49:26.472060,East,Electronics,Headphones,715.04,3,0.05,2145.12,2037.86,1485.19,552.67,UPI / Wallet,Apr,4,Q2
ORD-2025-1702,2025-07-17 15:13:57.698081,West,Beauty & Care,Perfume,29.02,3,0.1,87.06,78.35,56.99,21.36,Credit Card,Jul,7,Q3
ORD-2025-1703,2025-09-21 19:35:46.788990,South,Sports & Outdoors,Water Bottle,383.13,5,0.0,1915.65,1915.65,1492.07,423.58,Credit Card,Sep,9,Q3
ORD-2025-1704,2025-05-30 01:27:40.383653,South,Electronics,Smartwatch,1179.68,4,0.0,4718.72,4718.72,3445.63,1273.09,UPI / Wallet,May,5,Q2
ORD-2025-1705,2025-07-04 06:38:43.936613,West,Home & Kitchen,Coffee Maker,345.62,3,0.0,1036.86,1036.86,725.93,310.93,UPI / Wallet,Jul,7,Q3
ORD-2025-1706,2025-06-13 15:11:33.577981,North,Home & Kitchen,Cookware Set,168.32,1,0.05,168.32,159.9,112.25,47.65,UPI / Wallet,Jun,6,Q2
ORD-2025-1707,2025-08-12 10:32:55.646371,East,Electronics,Smartwatch,442.39,1,0.0,442.39,442.39,233.13,209.26,Credit Card,Aug,8,Q3
ORD-2025-1708,2025-03-06 23:13:09.658048,East,Electronics,Smartphone,993.72,3,0.0,2981.16,2981.16,2128.43,852.73,Credit Card,Mar,3,Q1
ORD-2025-1709,2025-01-04 08:08:48.440366,North,Home & Kitchen,Blender,282.41,5,0.0,1412.05,1412.05,708.37,703.68,Cash on Delivery,Jan,1,Q1
ORD-2025-1710,2025-06-09 01:54:05.704753,North,Sports & Outdoors,Bicycle,362.67,1,0.0,362.67,362.67,180.76,181.91,Credit Card,Jun,6,Q2
ORD-2025-1711,2025-07-24 07:31:34.578815,West,Sports & Outdoors,Yoga Mat,137.08,2,0.05,274.16,260.45,149.17,111.28,Debit Card,Jul,7,Q3
ORD-2025-1712,2025-08-27 00:16:48.840700,East,Sports & Outdoors,Yoga Mat,153.9,5,0.2,769.5,615.6,309.65,305.95,UPI / Wallet,Aug,8,Q3
ORD-2025-1713,2025-04-09 08:41:14.061718,North,Beauty & Care,Perfume,68.76,3,0.1,206.28,185.65,106.93,78.72,UPI / Wallet,Apr,4,Q2
ORD-2025-1714,2025-07-18 13:05:27.272727,North,Electronics,Headphones,976.72,4,0.1,3906.88,3516.19,2044.64,1471.55,Debit Card,Jul,7,Q3
ORD-2025-1715,2025-05-28 05:44:41.234361,West,Home & Kitchen,Cookware Set,288.94,4,0.2,1155.76,924.61,455.01,469.6,Credit Card,May,5,Q2
ORD-2025-1716,2025-03-23 23:14:21.718098,South,Beauty & Care,Makeup Kit,102.82,1,0.05,102.82,97.68,50.35,47.33,UPI / Wallet,Mar,3,Q1
ORD-2025-1717,2025-07-16 02:48:08.407005,North,Beauty & Care,Skincare Set,64.4,2,0.0,128.8,128.8,61.85,66.95,Credit Card,Jul,7,Q3
ORD-2025-1718,2025-08-18 12:16:12.810675,North,Sports & Outdoors,Yoga Mat,111.36,1,0.1,111.36,100.22,74.03,26.19,Debit Card,Aug,8,Q3
ORD-2025-1719,2025-01-05 06:00:18.015012,East,Home & Kitchen,Cookware Set,321.25,5,0.0,1606.25,1606.25,1076.12,530.13,Credit Card,Jan,1,Q1
ORD-2025-1720,2025-11-16 16:14:00.700583,North,Beauty & Care,Skincare Set,84.03,5,0.0,420.15,420.15,255.67,164.48,Cash on Delivery,Nov,11,Q4
ORD-2025-1721,2025-05-20 22:52:44.637197,West,Beauty & Care,Perfume,119.6,1,0.2,119.6,95.68,56.36,39.32,Debit Card,May,5,Q2
ORD-2025-1722,2025-01-29 20:10:36.530442,North,Beauty & Care,Perfume,42.15,5,0.0,210.75,210.75,113.24,97.51,Debit Card,Jan,1,Q1
ORD-2025-1723,2025-05-24 21:35:52.793994,East,Apparel,Jeans,89.81,5,0.15,449.05,381.69,230.32,151.37,Credit Card,May,5,Q2
ORD-2025-1724,2025-02-14 22:20:19.015846,North,Home & Kitchen,Coffee Maker,155.15,2,0.0,310.3,310.3,160.08,150.22,Credit Card,Feb,2,Q1
ORD-2025-1725,2025-03-25 04:23:01.150959,North,Beauty & Care,Hair Dryer,37.75,3,0.15,113.25,96.26,71.16,25.1,UPI / Wallet,Mar,3,Q1
ORD-2025-1726,2025-04-08 10:49:44.487072,North,Apparel,Jeans,107.73,3,0.15,323.19,274.71,181.75,92.96,UPI / Wallet,Apr,4,Q2
ORD-2025-1727,2025-05-22 11:18:33.928273,South,Sports & Outdoors,Bicycle,20.25,2,0.0,40.5,40.5,27.02,13.48,Credit Card,May,5,Q2
ORD-2025-1728,2025-08-04 20:23:49.190992,South,Home & Kitchen,Blender,140.12,5,0.15,700.6,595.51,310.22,285.29,UPI / Wallet,Aug,8,Q3
ORD-2025-1729,2025-09-23 08:01:36.080066,East,Apparel,T-Shirt,127.94,1,0.0,127.94,127.94,89.87,38.07,Cash on Delivery,Sep,9,Q3
ORD-2025-1730,2025-09-15 10:35:19.766472,East,Apparel,Jeans,171.1,2,0.0,342.2,342.2,248.84,93.36,UPI / Wallet,Sep,9,Q3
ORD-2025-1731,2025-05-16 16:52:26.622185,West,Electronics,Headphones,654.7,3,0.0,1964.1,1964.1,1277.54,686.56,Credit Card,May,5,Q2
ORD-2025-1732,2025-12-12 11:32:58.648874,North,Electronics,Smartwatch,948.69,1,0.0,948.69,948.69,467.37,481.32,Debit Card,Dec,12,Q4
ORD-2025-1733,2025-07-11 13:30:40.533778,East,Sports & Outdoors,Dumbbell Set,359.5,5,0.0,1797.5,1797.5,1111.9,685.6,Cash on Delivery,Jul,7,Q3
ORD-2025-1734,2025-05-26 02:44:32.226855,North,Beauty & Care,Makeup Kit,43.06,4,0.0,172.24,172.24,92.39,79.85,Credit Card,May,5,Q2
ORD-2025-1735,2025-06-13 22:28:43.436196,East,Sports & Outdoors,Dumbbell Set,40.14,2,0.1,80.28,72.25,46.88,25.37,Credit Card,Jun,6,Q2
ORD-2025-1736,2025-01-18 07:18:21.918265,South,Home & Kitchen,Cookware Set,347.52,5,0.05,1737.6,1650.72,1210.63,440.09,UPI / Wallet,Jan,1,Q1
ORD-2025-1737,2025-06-29 10:04:06.205170,North,Beauty & Care,Skincare Set,51.4,5,0.05,257.0,244.15,168.35,75.8,Cash on Delivery,Jun,6,Q2
ORD-2025-1738,2025-11-23 23:05:57.297748,North,Home & Kitchen,Cookware Set,121.26,3,0.0,363.78,363.78,198.63,165.15,UPI / Wallet,Nov,11,Q4
ORD-2025-1739,2025-10-19 03:20:34.028356,South,Sports & Outdoors,Water Bottle,120.24,1,0.0,120.24,120.24,89.24,31.0,Credit Card,Oct,10,Q4
ORD-2025-1740,2025-08-27 07:33:58.698915,West,Sports & Outdoors,Dumbbell Set,224.6,5,0.0,1123.0,1123.0,682.46,440.54,UPI / Wallet,Aug,8,Q3
ORD-2025-1741,2025-10-21 06:20:43.035863,North,Apparel,T-Shirt,152.75,4,0.05,611.0,580.45,391.76,188.69,Cash on Delivery,Oct,10,Q4
ORD-2025-1742,2025-07-28 06:14:42.735613,North,Home & Kitchen,Coffee Maker,143.23,1,0.15,143.23,121.75,60.69,61.06,Cash on Delivery,Jul,7,Q3
ORD-2025-1743,2025-01-05 13:17:27.873227,South,Beauty & Care,Skincare Set,103.18,4,0.0,412.72,412.72,304.58,108.14,Credit Card,Jan,1,Q1
ORD-2025-1744,2025-09-14 12:43:50.191826,West,Sports & Outdoors,Bicycle,173.15,3,0.15,519.45,441.53,253.34,188.19,Credit Card,Sep,9,Q3
ORD-2025-1745,2025-10-30 16:12:48.640533,West,Apparel,Jeans,160.23,1,0.2,160.23,128.18,76.76,51.42,UPI / Wallet,Oct,10,Q4
ORD-2025-1746,2025-07-02 03:38:34.929107,North,Sports & Outdoors,Yoga Mat,86.42,4,0.0,345.68,345.68,225.98,119.7,UPI / Wallet,Jul,7,Q3
ORD-2025-1747,2025-06-24 06:12:18.615512,North,Apparel,Sneakers,34.75,4,0.0,139.0,139.0,72.41,66.59,Cash on Delivery,Jun,6,Q2
ORD-2025-1748,2025-11-19 17:05:39.282735,North,Home & Kitchen,Coffee Maker,212.63,2,0.05,425.26,404.0,274.01,129.99,Credit Card,Nov,11,Q4
ORD-2025-1749,2025-12-29 04:17:00.850708,East,Apparel,Sneakers,66.01,1,0.1,66.01,59.41,32.02,27.39,UPI / Wallet,Dec,12,Q4
ORD-2025-1750,2025-02-15 05:37:28.874061,North,Electronics,Smartwatch,776.3,4,0.05,3105.2,2949.94,1692.64,1257.3,Credit Card,Feb,2,Q1
ORD-2025-1751,2025-02-22 05:12:15.613010,East,Electronics,Smartwatch,819.32,4,0.05,3277.28,3113.42,1949.7,1163.72,UPI / Wallet,Feb,2,Q1
ORD-2025-1752,2025-07-29 11:23:22.168473,East,Beauty & Care,Hair Dryer,99.08,4,0.15,396.32,336.87,170.43,166.44,UPI / Wallet,Jul,7,Q3
ORD-2025-1753,2025-01-19 05:09:51.492910,East,Apparel,Sneakers,71.68,1,0.0,71.68,71.68,54.79,16.89,Credit Card,Jan,1,Q1
ORD-2025-1754,2025-07-31 21:40:41.034195,East,Home & Kitchen,Air Fryer,74.99,3,0.0,224.97,224.97,137.39,87.58,Credit Card,Jul,7,Q3
ORD-2025-1755,2025-02-03 16:45:14.261884,South,Apparel,T-Shirt,81.4,1,0.1,81.4,73.26,43.21,30.05,Cash on Delivery,Feb,2,Q1
ORD-2025-1756,2025-10-08 19:36:58.849040,South,Apparel,Sneakers,127.89,2,0.05,255.78,242.99,129.82,113.17,UPI / Wallet,Oct,10,Q4
ORD-2025-1757,2025-08-17 14:24:43.236030,West,Electronics,Laptop,1052.09,5,0.1,5260.45,4734.4,2639.19,2095.21,UPI / Wallet,Aug,8,Q3
ORD-2025-1758,2025-05-28 13:01:51.092577,West,Sports & Outdoors,Water Bottle,198.95,3,0.0,596.85,596.85,332.9,263.95,Debit Card,May,5,Q2
ORD-2025-1759,2025-02-15 12:54:38.732276,North,Electronics,Laptop,890.76,5,0.0,4453.8,4453.8,2940.79,1513.01,Cash on Delivery,Feb,2,Q1
ORD-2025-1760,2025-08-17 21:41:53.094245,East,Beauty & Care,Perfume,31.98,1,0.0,31.98,31.98,15.96,16.02,Credit Card,Aug,8,Q3
ORD-2025-1761,2025-02-06 03:02:33.127606,South,Home & Kitchen,Air Fryer,130.3,5,0.0,651.5,651.5,456.26,195.24,UPI / Wallet,Feb,2,Q1
ORD-2025-1762,2025-07-06 09:38:52.944120,North,Electronics,Headphones,649.44,2,0.0,1298.88,1298.88,846.31,452.57,Debit Card,Jul,7,Q3
ORD-2025-1763,2025-02-18 06:29:07.456213,South,Sports & Outdoors,Bicycle,121.41,5,0.05,607.05,576.7,332.31,244.39,Credit Card,Feb,2,Q1
ORD-2025-1764,2025-05-05 18:34:31.726438,East,Apparel,Jeans,99.6,5,0.0,498.0,498.0,363.0,135.0,UPI / Wallet,May,5,Q2
ORD-2025-1765,2025-07-03 23:21:34.078398,South,Sports & Outdoors,Yoga Mat,370.97,4,0.0,1483.88,1483.88,1101.28,382.6,,Jul,7,Q3
ORD-2025-1766,2025-03-20 22:22:43.135946,South,Beauty & Care,Skincare Set,53.35,3,0.1,160.05,144.05,75.46,68.59,Credit Card,Mar,3,Q1
ORD-2025-1767,2025-01-20 10:18:30.925771,North,Beauty & Care,Hair Dryer,82.18,5,0.0,410.9,410.9,222.14,188.76,UPI / Wallet,Jan,1,Q1
ORD-2025-1768,2025-06-06 01:02:27.122602,South,Electronics,Smartphone,340.25,1,0.2,340.25,272.2,145.83,126.37,Cash on Delivery,Jun,6,Q2
ORD-2025-1769,2025-08-13 08:24:25.221017,East,Apparel,T-Shirt,56.93,1,0.0,56.93,56.93,29.43,27.5,Credit Card,Aug,8,Q3
ORD-2025-1770,2025-08-06 16:06:48.340283,West,Sports & Outdoors,Dumbbell Set,410.38,1,0.1,410.38,369.34,287.67,81.67,UPI / Wallet,Aug,8,Q3
ORD-2025-1771,2025-10-30 16:12:48.640533,South,Home & Kitchen,Coffee Maker,68.84,4,0.15,275.36,234.06,117.45,116.61,Credit Card,Oct,10,Q4
ORD-2025-1772,2025-04-30 21:59:53.994995,North,Electronics,Smartphone,253.46,4,0.0,1013.84,1013.84,639.87,373.97,UPI / Wallet,Apr,4,Q2
ORD-2025-1773,2025-09-25 11:01:45.087572,East,Home & Kitchen,Air Fryer,323.61,5,0.05,1618.05,1537.15,815.02,722.13,Credit Card,Sep,9,Q3
ORD-2025-1774,2025-03-26 09:31:40.583819,North,Beauty & Care,Skincare Set,36.91,4,0.0,147.64,147.64,92.71,54.93,UPI / Wallet,Mar,3,Q1
ORD-2025-1775,2025-02-06 03:02:33.127606,West,Home & Kitchen,Air Fryer,138.63,5,0.1,693.15,623.84,303.84,320.0,UPI / Wallet,Feb,2,Q1
ORD-2025-1776,2025-03-24 13:48:41.434528,North,Sports & Outdoors,Water Bottle,333.55,4,0.1,1334.2,1200.78,791.03,409.75,Credit Card,Mar,3,Q1
ORD-2025-1777,2025-05-01 05:17:03.853211,South,Apparel,Jacket,172.05,4,0.0,688.2,688.2,482.06,206.14,UPI / Wallet,May,5,Q2
ORD-2025-1778,2025-11-15 18:22:31.125938,South,Sports & Outdoors,Dumbbell Set,167.84,5,0.0,839.2,839.2,476.25,362.95,Credit Card,Nov,11,Q4
ORD-2025-1779,2025-10-06 23:53:59.699749,North,Electronics,Smartwatch,830.96,2,0.0,1661.92,1661.92,1259.24,402.68,Cash on Delivery,Oct,10,Q4
ORD-2025-1780,2025-02-04 14:36:43.836530,North,Electronics,Headphones,706.62,2,0.05,1413.24,1342.58,908.72,433.86,UPI / Wallet,Feb,2,Q1
ORD-2025-1781,2025-05-15 04:26:37.331109,West,Home & Kitchen,Coffee Maker,312.75,3,0.0,938.25,938.25,633.96,304.29,Debit Card,May,5,Q2
ORD-2025-1782,2025-12-24 22:16:42.835696,East,Electronics,Smartwatch,765.19,1,0.0,765.19,765.19,552.32,212.87,Credit Card,Dec,12,Q4
ORD-2025-1783,2025-05-12 10:52:08.607172,South,Sports & Outdoors,Water Bottle,49.74,4,0.0,198.96,198.96,140.46,58.5,UPI / Wallet,May,5,Q2
ORD-2025-1784,2025-12-10 23:07:09.357798,West,Sports & Outdoors,Water Bottle,282.37,4,0.15,1129.48,960.06,514.76,445.3,UPI / Wallet,Dec,12,Q4
ORD-2025-1785,2025-10-21 06:20:43.035863,North,Sports & Outdoors,Bicycle,19.02,1,0.0,19.02,19.02,11.83,7.19,Credit Card,Oct,10,Q4
ORD-2025-1786,2025-08-22 18:16:30.825688,East,Electronics,Headphones,325.49,4,0.0,1301.96,1301.96,753.45,548.51,Debit Card,Aug,8,Q3
ORD-2025-1787,2025-10-31 21:21:28.073394,South,Sports & Outdoors,Yoga Mat,417.09,2,0.05,834.18,792.47,522.64,269.83,Cash on Delivery,Oct,10,Q4
ORD-2025-1788,2025-04-06 15:06:45.337781,North,Beauty & Care,Makeup Kit,38.89,3,0.2,116.67,93.34,65.44,27.9,UPI / Wallet,Apr,4,Q2
ORD-2025-1789,2025-04-02 23:40:47.039199,North,Apparel,Jeans,83.88,2,0.0,167.76,167.76,123.26,44.5,Debit Card,Apr,4,Q2
ORD-2025-1790,2025-08-24 06:42:20.116763,East,Home & Kitchen,Cookware Set,157.86,2,0.05,315.72,299.93,232.17,67.76,UPI / Wallet,Aug,8,Q3
ORD-2025-1791,2025-09-18 04:09:48.490408,West,Electronics,Smartphone,1122.08,1,0.0,1122.08,1122.08,566.14,555.94,Debit Card,Sep,9,Q3
ORD-2025-1792,2025-03-21 12:57:02.852376,West,Electronics,Smartphone,261.25,3,0.0,783.75,783.75,591.96,191.79,Credit Card,Mar,3,Q1
ORD-2025-1793,2025-01-05 13:17:27.873227,South,Beauty & Care,Hair Dryer,103.2,1,0.0,103.2,103.2,67.25,35.95,Cash on Delivery,Jan,1,Q1
ORD-2025-1794,2025-05-03 15:34:22.718932,East,Home & Kitchen,Coffee Maker,209.09,2,0.0,418.18,418.18,252.47,165.71,Credit Card,May,5,Q2
ORD-2025-1795,2025-11-30 22:40:44.036697,North,Apparel,Jeans,58.9,4,0.0,235.6,235.6,140.63,94.97,Cash on Delivery,Nov,11,Q4
ORD-2025-1796,2025-01-28 07:44:47.239366,North,Apparel,T-Shirt,176.73,2,0.15,353.46,300.44,201.61,98.83,Debit Card,Jan,1,Q1
ORD-2025-1797,2025-10-14 06:45:56.296914,North,Home & Kitchen,Blender,62.11,4,0.0,248.44,248.44,168.88,79.56,Credit Card,Oct,10,Q4
ORD-2025-1798,2025-12-03 16:15:12.760633,South,Beauty & Care,Makeup Kit,51.0,5,0.1,255.0,229.5,171.65,57.85,UPI / Wallet,Dec,12,Q4
ORD-2025-1799,2025-02-10 01:45:41.284403,East,Apparel,Jeans,115.24,2,0.05,230.48,218.96,112.26,106.7,UPI / Wallet,Feb,2,Q1
ORD-2025-1800,2025-02-04 07:19:33.978315,West,Apparel,Jacket,83.92,2,0.0,167.84,167.84,82.93,84.91,Credit Card,Feb,2,Q1
ORD-2025-1801,2025-09-11 04:35:01.751459,North,Sports & Outdoors,Yoga Mat,169.7,5,0.05,848.5,806.08,597.83,208.25,UPI / Wallet,Sep,9,Q3
ORD-2025-1802,2025-09-15 10:35:19.766472,East,Apparel,Jacket,62.5,5,0.0,312.5,312.5,197.79,114.71,Credit Card,Sep,9,Q3
ORD-2025-1803,2025-09-14 20:01:00.050041,West,Home & Kitchen,Cookware Set,256.91,3,0.2,770.73,616.58,323.66,292.92,UPI / Wallet,Sep,9,Q3
ORD-2025-1804,2025-11-26 09:23:16.163469,West,Electronics,Smartwatch,349.98,3,0.05,1049.94,997.44,537.73,459.71,Credit Card,Nov,11,Q4
ORD-2025-1805,2025-04-25 18:08:06.405337,West,Home & Kitchen,Cookware Set,246.09,3,0.15,738.27,627.53,375.95,251.58,Debit Card,Apr,4,Q2
ORD-2025-1806,2025-03-26 16:48:50.442035,North,Apparel,Sneakers,83.34,5,0.0,416.7,416.7,289.11,127.59,Credit Card,Mar,3,Q1
ORD-2025-1807,2025-05-30 16:02:00.100083,South,Sports & Outdoors,Water Bottle,370.51,5,0.0,1852.55,1852.55,961.25,891.3,Credit Card,May,5,Q2
ORD-2025-1808,2025-05-31 13:53:29.674728,East,Sports & Outdoors,Water Bottle,318.66,5,0.05,1593.3,1513.64,987.99,525.65,Credit Card,May,5,Q2
ORD-2025-1809,2025-12-17 00:50:26.522101,West,Home & Kitchen,Air Fryer,263.71,4,0.05,1054.84,1002.1,646.18,355.92,Credit Card,Dec,12,Q4
ORD-2025-1810,2025-10-23 09:20:52.043369,North,Electronics,Smartphone,438.53,2,0.05,877.06,833.21,592.18,241.03,UPI / Wallet,Oct,10,Q4
ORD-2025-1811,2025-08-15 11:24:34.228523,South,Electronics,Headphones,375.76,4,0.0,1503.04,1503.04,1013.46,489.58,UPI / Wallet,Aug,8,Q3
ORD-2025-1812,2025-07-16 17:22:28.123436,East,Apparel,Jacket,27.7,4,0.1,110.8,99.72,63.95,35.77,UPI / Wallet,Jul,7,Q3
ORD-2025-1813,2025-08-23 08:50:50.542118,North,Sports & Outdoors,Dumbbell Set,214.04,3,0.1,642.12,577.91,369.34,208.57,Debit Card,Aug,8,Q3
ORD-2025-1814,2025-03-25 04:23:01.150959,East,Home & Kitchen,Blender,278.14,1,0.1,278.14,250.33,145.74,104.59,Credit Card,Mar,3,Q1
ORD-2025-1815,2025-04-12 02:15:42.785654,South,Sports & Outdoors,Yoga Mat,349.28,4,0.2,1397.12,1117.7,788.81,328.89,Credit Card,Apr,4,Q2
ORD-2025-1816,2025-01-03 10:17:18.865721,East,Electronics,Headphones,304.24,5,0.2,1521.2,1216.96,883.36,333.6,Debit Card,Jan,1,Q1
ORD-2025-1817,2025-12-10 01:15:39.783152,North,Sports & Outdoors,Bicycle,30.17,4,0.05,120.68,114.65,76.86,37.79,Credit Card,Dec,12,Q4
ORD-2025-1818,2025-09-08 11:00:33.027522,South,Electronics,Smartwatch,250.32,1,0.0,250.32,250.32,156.39,93.93,Credit Card,Sep,9,Q3
ORD-2025-1819,2025-02-20 02:12:06.605504,West,Beauty & Care,Skincare Set,97.62,2,0.05,195.24,185.48,113.52,71.96,Debit Card,Feb,2,Q1
ORD-2025-1820,2025-11-04 20:04:36.230191,North,Sports & Outdoors,Water Bottle,51.19,2,0.15,102.38,87.02,47.91,39.11,,Nov,11,Q4
ORD-2025-1821,2025-01-28 00:27:37.381150,South,Beauty & Care,Hair Dryer,39.84,4,0.15,159.36,135.46,82.3,53.16,Credit Card,Jan,1,Q1
ORD-2025-1822,2025-10-19 10:37:43.886572,East,Beauty & Care,Skincare Set,35.53,1,0.1,35.53,31.98,17.16,14.82,Debit Card,Oct,10,Q4
ORD-2025-1823,2025-02-22 12:29:25.471226,North,Sports & Outdoors,Bicycle,272.13,2,0.0,544.26,544.26,276.92,267.34,UPI / Wallet,Feb,2,Q1
ORD-2025-1824,2025-07-17 15:13:57.698081,East,Sports & Outdoors,Dumbbell Set,174.42,1,0.05,174.42,165.7,80.61,85.09,UPI / Wallet,Jul,7,Q3
ORD-2025-1825,2025-11-18 19:14:09.708090,South,Sports & Outdoors,Yoga Mat,106.29,2,0.0,212.58,212.58,134.16,78.42,Credit Card,Nov,11,Q4
ORD-2025-1826,2025-04-15 03:07:21.367806,East,Electronics,Smartwatch,744.04,2,0.0,1488.08,1488.08,1080.17,407.91,UPI / Wallet,Apr,4,Q2
ORD-2025-1827,2025-04-02 23:40:47.039199,East,Apparel,Jeans,138.09,4,0.15,552.36,469.51,261.6,207.91,Credit Card,Apr,4,Q2
ORD-2025-1828,2025-05-20 22:52:44.637197,North,Sports & Outdoors,Dumbbell Set,88.3,4,0.0,353.2,353.2,273.55,79.65,Credit Card,May,5,Q2
ORD-2025-1829,2025-10-24 21:46:41.334445,South,Apparel,Sneakers,171.91,5,0.15,859.55,730.62,437.29,293.33,UPI / Wallet,Oct,10,Q4
ORD-2025-1830,2025-09-18 11:26:58.348623,North,Beauty & Care,Perfume,102.32,2,0.0,204.64,204.64,140.99,63.65,Credit Card,Sep,9,Q3
ORD-2025-1831,2025-11-16 16:14:00.700583,East,Sports & Outdoors,Dumbbell Set,140.87,5,0.0,704.35,704.35,356.33,348.02,UPI / Wallet,Nov,11,Q4
ORD-2025-1832,2025-03-17 06:56:44.837364,South,Apparel,Jeans,63.95,5,0.1,319.75,287.78,156.12,131.66,Cash on Delivery,Mar,3,Q1
ORD-2025-1833,2025-04-13 07:24:22.218515,East,Apparel,Sneakers,81.18,5,0.0,405.9,405.9,247.46,158.44,Debit Card,Apr,4,Q2
ORD-2025-1834,2025-01-05 06:00:18.015012,North,Sports & Outdoors,Bicycle,290.9,4,0.05,1163.6,1105.42,641.65,463.77,Credit Card,Jan,1,Q1
ORD-2025-1835,2025-10-04 20:53:50.692243,West,Home & Kitchen,Cookware Set,140.33,1,0.0,140.33,140.33,74.99,65.34,Credit Card,Oct,10,Q4
ORD-2025-1836,2025-01-04 22:43:08.156797,West,Apparel,Jacket,58.66,3,0.0,175.98,175.98,91.56,84.42,Credit Card,Jan,1,Q1
ORD-2025-1837,2025-12-02 18:23:43.185988,East,Electronics,Headphones,888.68,5,0.0,4443.4,4443.4,3118.99,1324.41,Credit Card,Dec,12,Q4
ORD-2025-1838,2025-01-03 03:00:09.007506,East,Apparel,Jeans,166.4,1,0.05,166.4,158.08,77.04,81.04,UPI / Wallet,Jan,1,Q1
ORD-2025-1839,2025-08-29 17:51:17.564637,South,Home & Kitchen,Blender,70.92,3,0.0,212.76,212.76,126.18,86.58,UPI / Wallet,Aug,8,Q3
ORD-2025-1840,2025-04-02 09:06:27.322768,North,Home & Kitchen,Air Fryer,291.07,5,0.05,1455.35,1382.58,1021.62,360.96,Credit Card,Apr,4,Q2
ORD-2025-1841,2025-07-13 09:13:39.683069,East,Apparel,Jeans,65.01,5,0.05,325.05,308.8,177.76,131.04,Debit Card,Jul,7,Q3
ORD-2025-1842,2025-06-25 04:03:48.190158,West,Home & Kitchen,Blender,134.15,4,0.05,536.6,509.77,309.18,200.59,Credit Card,Jun,6,Q2
ORD-2025-1843,2025-03-20 00:31:13.561301,East,Electronics,Smartwatch,838.59,2,0.0,1677.18,1677.18,1253.93,423.25,UPI / Wallet,Mar,3,Q1
ORD-2025-1844,2025-11-19 09:48:29.424520,North,Beauty & Care,Makeup Kit,78.91,1,0.0,78.91,78.91,48.95,29.96,UPI / Wallet,Nov,11,Q4
ORD-2025-1845,2025-05-04 06:08:42.435362,South,Beauty & Care,Perfume,83.33,5,0.0,416.65,416.65,236.94,179.71,UPI / Wallet,May,5,Q2
ORD-2025-1846,2025-01-24 09:01:39.082568,North,Electronics,Smartphone,934.36,3,0.0,2803.08,2803.08,1495.9,1307.18,UPI / Wallet,Jan,1,Q1
ORD-2025-1847,2025-01-17 16:44:02.201834,East,Beauty & Care,Makeup Kit,66.03,4,0.05,264.12,250.91,133.43,117.48,UPI / Wallet,Jan,1,Q1
ORD-2025-1848,2025-10-27 00:46:50.341951,North,Sports & Outdoors,Water Bottle,386.81,4,0.0,1547.24,1547.24,794.34,752.9,Credit Card,Oct,10,Q4
ORD-2025-1849,2025-09-02 09:17:15.863219,South,Beauty & Care,Skincare Set,33.11,5,0.05,165.55,157.27,100.29,56.98,,Sep,9,Q3
ORD-2025-1850,2025-04-25 18:08:06.405337,North,Electronics,Smartwatch,574.84,1,0.05,574.84,546.1,386.24,159.86,Credit Card,Apr,4,Q2
ORD-2025-1851,2025-05-13 08:43:38.181818,South,Apparel,Jeans,137.78,4,0.0,551.12,551.12,413.91,137.21,Credit Card,May,5,Q2
ORD-2025-1852,2025-10-26 17:29:40.483736,North,Apparel,Jacket,27.88,5,0.2,139.4,111.52,64.66,46.86,Credit Card,Oct,10,Q4
ORD-2025-1853,2025-12-07 14:58:20.917431,North,Home & Kitchen,Coffee Maker,264.1,5,0.05,1320.5,1254.47,611.18,643.29,Credit Card,Dec,12,Q4
ORD-2025-1854,2025-01-22 13:18:39.933277,West,Sports & Outdoors,Dumbbell Set,54.69,2,0.1,109.38,98.44,48.28,50.16,Credit Card,Jan,1,Q1
ORD-2025-1855,2025-01-01 07:17:09.858215,East,Home & Kitchen,Coffee Maker,198.9,3,0.0,596.7,596.7,292.02,304.68,,Jan,1,Q1
ORD-2025-1856,2025-08-20 22:33:31.676397,South,Electronics,Laptop,438.3,1,0.2,438.3,350.64,256.66,93.98,Debit Card,Aug,8,Q3
ORD-2025-1857,2025-11-11 12:22:13.110925,West,Apparel,Sneakers,168.55,3,0.0,505.65,505.65,353.29,152.36,Credit Card,Nov,11,Q4
ORD-2025-1858,2025-01-05 13:17:27.873227,East,Electronics,Headphones,1014.24,4,0.05,4056.96,3854.11,2105.39,1748.72,UPI / Wallet,Jan,1,Q1
ORD-2025-1859,2025-09-22 17:27:16.363636,West,Apparel,Jeans,153.68,1,0.1,153.68,138.31,80.2,58.11,Cash on Delivery,Sep,9,Q3
ORD-2025-1860,2025-09-11 19:09:21.467889,North,Beauty & Care,Perfume,108.31,2,0.1,216.62,194.96,106.3,88.66,UPI / Wallet,Sep,9,Q3
ORD-2025-1861,2025-03-08 11:38:58.949124,North,Home & Kitchen,Cookware Set,64.07,3,0.0,192.21,192.21,97.55,94.66,Credit Card,Mar,3,Q1
ORD-2025-1862,2025-01-03 10:17:18.865721,West,Electronics,Laptop,894.74,5,0.05,4473.7,4250.01,2992.12,1257.89,Cash on Delivery,Jan,1,Q1
ORD-2025-1863,2025-12-14 14:33:07.656380,West,Apparel,Sneakers,71.61,5,0.0,358.05,358.05,204.73,153.32,Credit Card,Dec,12,Q4
ORD-2025-1864,2025-08-29 10:34:07.706422,North,Beauty & Care,Makeup Kit,116.85,4,0.15,467.4,397.29,258.09,139.2,UPI / Wallet,Aug,8,Q3
ORD-2025-1865,2025-01-22 13:18:39.933277,South,Apparel,T-Shirt,131.83,3,0.05,395.49,375.72,219.49,156.23,,Jan,1,Q1
ORD-2025-1866,2025-05-08 19:26:10.308590,East,Home & Kitchen,Air Fryer,142.42,4,0.05,569.68,541.2,323.69,217.51,Credit Card,May,5,Q2
ORD-2025-1867,2025-07-04 13:55:53.794829,East,Beauty & Care,Hair Dryer,44.3,2,0.1,88.6,79.74,45.26,34.48,Credit Card,Jul,7,Q3
ORD-2025-1868,2025-08-14 20:50:14.512093,South,Home & Kitchen,Cookware Set,309.18,1,0.1,309.18,278.26,177.76,100.5,Cash on Delivery,Aug,8,Q3
ORD-2025-1869,2025-06-27 14:21:07.055879,South,Electronics,Smartwatch,594.49,3,0.0,1783.47,1783.47,870.52,912.95,Credit Card,Jun,6,Q2
ORD-2025-1870,2025-01-07 16:17:36.880733,East,Home & Kitchen,Coffee Maker,214.5,4,0.15,858.0,729.3,388.21,341.09,UPI / Wallet,Jan,1,Q1
ORD-2025-1871,2025-12-24 07:42:23.119266,North,Beauty & Care,Hair Dryer,94.57,5,0.0,472.85,472.85,249.86,222.99,Credit Card,Dec,12,Q4
ORD-2025-1872,2025-06-06 15:36:46.839032,North,Home & Kitchen,Blender,346.89,3,0.05,1040.67,988.64,635.91,352.73,Credit Card,Jun,6,Q2
ORD-2025-1873,2025-07-12 04:05:00.250208,East,Apparel,T-Shirt,135.99,1,0.0,135.99,135.99,81.59,54.4,Credit Card,Jul,7,Q3
ORD-2025-1874,2025-10-29 11:04:09.207673,North,Sports & Outdoors,Dumbbell Set,438.7,3,0.0,1316.1,1316.1,859.17,456.93,Credit Card,Oct,10,Q4
ORD-2025-1875,2025-09-12 09:43:41.184320,North,Apparel,Sneakers,149.92,1,0.0,149.92,149.92,94.51,55.41,Cash on Delivery,Sep,9,Q3
ORD-2025-1876,2025-08-19 17:24:52.243536,North,Home & Kitchen,Air Fryer,55.33,2,0.1,110.66,99.59,61.74,37.85,Credit Card,Aug,8,Q3
ORD-2025-1877,2025-01-16 04:18:12.910758,North,Beauty & Care,Makeup Kit,72.86,3,0.1,218.58,196.72,140.74,55.98,Credit Card,Jan,1,Q1
ORD-2025-1878,2025-04-22 02:42:08.106755,East,Sports & Outdoors,Yoga Mat,366.45,1,0.0,366.45,366.45,237.19,129.26,UPI / Wallet,Apr,4,Q2
ORD-2025-1879,2025-01-03 10:17:18.865721,South,Beauty & Care,Skincare Set,107.36,2,0.15,214.72,182.51,117.97,64.54,UPI / Wallet,Jan,1,Q1
ORD-2025-1880,2025-11-16 16:14:00.700583,North,Sports & Outdoors,Water Bottle,201.11,1,0.0,201.11,201.11,98.97,102.14,UPI / Wallet,Nov,11,Q4
ORD-2025-1881,2025-12-27 23:08:21.417848,West,Beauty & Care,Skincare Set,115.31,3,0.0,345.93,345.93,224.64,121.29,Credit Card,Dec,12,Q4
ORD-2025-1882,2025-05-24 21:35:52.793994,East,Beauty & Care,Hair Dryer,117.13,3,0.0,351.39,351.39,174.89,176.5,UPI / Wallet,May,5,Q2
ORD-2025-1883,2025-01-13 03:26:34.328607,East,Electronics,Headphones,605.77,2,0.0,1211.54,1211.54,615.72,595.82,Cash on Delivery,Jan,1,Q1
ORD-2025-1884,2025-01-14 15:52:23.619683,West,Beauty & Care,Hair Dryer,75.38,2,0.0,150.76,150.76,103.07,47.69,Credit Card,Jan,1,Q1
ORD-2025-1885,2025-11-02 09:47:17.364470,North,Beauty & Care,Hair Dryer,21.79,4,0.05,87.16,82.8,63.18,19.62,UPI / Wallet,Nov,11,Q4
ORD-2025-1886,2025-05-31 21:10:39.532944,West,Electronics,Laptop,491.48,5,0.15,2457.4,2088.79,1468.58,620.21,Cash on Delivery,May,5,Q2
ORD-2025-1887,2025-01-11 22:17:54.895746,South,Beauty & Care,Skincare Set,37.28,2,0.05,74.56,70.83,36.06,34.77,Cash on Delivery,Jan,1,Q1
ORD-2025-1888,2025-06-05 03:10:57.547956,East,Beauty & Care,Perfume,50.44,4,0.2,201.76,161.41,104.4,57.01,Debit Card,Jun,6,Q2
ORD-2025-1889,2025-12-28 20:59:50.992493,East,Home & Kitchen,Blender,119.45,1,0.0,119.45,119.45,76.73,42.72,Cash on Delivery,Dec,12,Q4
ORD-2025-1890,2025-11-06 01:13:15.663052,West,Home & Kitchen,Coffee Maker,158.53,2,0.0,317.06,317.06,177.81,139.25,Debit Card,Nov,11,Q4
ORD-2025-1891,2025-06-08 04:02:36.130108,East,Apparel,T-Shirt,46.57,1,0.0,46.57,46.57,33.47,13.1,Credit Card,Jun,6,Q2
ORD-2025-1892,2025-08-23 23:25:10.258548,South,Beauty & Care,Makeup Kit,115.43,1,0.0,115.43,115.43,79.72,35.71,UPI / Wallet,Aug,8,Q3
ORD-2025-1893,2025-07-09 10:30:31.526271,West,Beauty & Care,Perfume,101.11,4,0.0,404.44,404.44,225.12,179.32,Credit Card,Jul,7,Q3
ORD-2025-1894,2025-06-06 08:19:36.980817,North,Apparel,Jeans,177.22,2,0.1,354.44,319.0,239.83,79.17,UPI / Wallet,Jun,6,Q2
ORD-2025-1895,2025-09-18 11:26:58.348623,East,Apparel,Sneakers,62.6,2,0.05,125.2,118.94,84.53,34.41,UPI / Wallet,Sep,9,Q3
ORD-2025-1896,2025-11-30 00:49:14.462051,North,Apparel,Jacket,95.64,5,0.05,478.2,454.29,334.54,119.75,Debit Card,Nov,11,Q4
ORD-2025-1897,2025-08-25 19:08:09.407839,East,Home & Kitchen,Cookware Set,91.27,5,0.05,456.35,433.53,335.75,97.78,Debit Card,Aug,8,Q3
ORD-2025-1898,2025-02-21 00:03:36.180150,South,Apparel,T-Shirt,137.31,5,0.1,686.55,617.9,419.11,198.79,UPI / Wallet,Feb,2,Q1
ORD-2025-1899,2025-09-22 10:10:06.505421,West,Electronics,Smartwatch,926.74,2,0.0,1853.48,1853.48,889.87,963.61,UPI / Wallet,Sep,9,Q3
ORD-2025-1900,2025-09-02 02:00:06.005004,North,Home & Kitchen,Coffee Maker,289.97,2,0.05,579.94,550.94,278.17,272.77,UPI / Wallet,Sep,9,Q3
ORD-2025-1901,2025-05-23 09:10:03.502919,North,Electronics,Smartwatch,1092.36,3,0.05,3277.08,3113.23,2245.09,868.14,UPI / Wallet,May,5,Q2
ORD-2025-1902,2025-05-03 22:51:32.577147,South,Home & Kitchen,Coffee Maker,59.81,3,0.05,179.43,170.46,100.01,70.45,Debit Card,May,5,Q2
ORD-2025-1903,2025-07-24 14:48:44.437030,West,Home & Kitchen,Cookware Set,102.53,2,0.0,205.06,205.06,153.38,51.68,Debit Card,Jul,7,Q3
ORD-2025-1904,2025-12-24 07:42:23.119266,South,Beauty & Care,Skincare Set,42.89,3,0.2,128.67,102.94,63.34,39.6,Debit Card,Dec,12,Q4
ORD-2025-1905,2025-05-13 01:26:28.323603,North,Electronics,Smartwatch,1062.06,2,0.05,2124.12,2017.91,981.25,1036.66,UPI / Wallet,May,5,Q2
ORD-2025-1906,2025-04-28 18:59:44.987489,North,Sports & Outdoors,Water Bottle,257.19,2,0.0,514.38,514.38,383.31,131.07,UPI / Wallet,Apr,4,Q2
ORD-2025-1907,2025-05-25 04:53:02.652210,West,Apparel,Jeans,125.09,1,0.2,125.09,100.07,55.71,44.36,UPI / Wallet,May,5,Q2
ORD-2025-1908,2025-09-30 14:53:32.677231,South,Beauty & Care,Hair Dryer,28.08,4,0.05,112.32,106.7,60.99,45.71,Credit Card,Sep,9,Q3
ORD-2025-1909,2025-01-20 17:35:40.783986,East,Apparel,Jacket,132.05,1,0.0,132.05,132.05,94.44,37.61,Credit Card,Jan,1,Q1
ORD-2025-1910,2025-01-24 16:18:48.940783,East,Beauty & Care,Makeup Kit,84.76,5,0.0,423.8,423.8,329.84,93.96,UPI / Wallet,Jan,1,Q1
ORD-2025-1911,2025-12-12 11:32:58.648874,North,Apparel,Sneakers,119.43,2,0.0,238.86,238.86,151.84,87.02,Credit Card,Dec,12,Q4
ORD-2025-1912,2025-04-23 00:33:37.681401,West,Apparel,Jacket,160.31,3,0.0,480.93,480.93,235.28,245.65,Credit Card,Apr,4,Q2
ORD-2025-1913,2025-08-16 23:50:23.519599,North,Sports & Outdoors,Dumbbell Set,427.89,3,0.0,1283.67,1283.67,643.46,640.21,Credit Card,Aug,8,Q3
ORD-2025-1914,2025-04-16 08:16:00.800667,North,Electronics,Smartwatch,234.89,2,0.15,469.78,399.31,273.72,125.59,UPI / Wallet,Apr,4,Q2
ORD-2025-1915,2025-07-13 16:30:49.541284,West,Apparel,Sneakers,126.91,3,0.0,380.73,380.73,191.58,189.15,Credit Card,Jul,7,Q3
ORD-2025-1916,2025-08-20 00:42:02.101751,West,Beauty & Care,Makeup Kit,79.22,5,0.0,396.1,396.1,226.98,169.12,Cash on Delivery,Aug,8,Q3
ORD-2025-1917,2025-08-31 06:17:06.855713,North,Electronics,Laptop,862.31,1,0.1,862.31,776.08,429.54,346.54,Debit Card,Aug,8,Q3
ORD-2025-1918,2025-07-25 05:23:04.153461,North,Home & Kitchen,Air Fryer,196.85,2,0.05,393.7,374.02,193.34,180.68,UPI / Wallet,Jul,7,Q3
ORD-2025-1919,2025-02-16 03:28:58.448707,North,Apparel,Jacket,86.26,5,0.15,431.3,366.6,242.19,124.41,Cash on Delivery,Feb,2,Q1
ORD-2025-1920,2025-11-22 17:57:17.864887,North,Beauty & Care,Makeup Kit,104.25,1,0.1,104.25,93.82,72.74,21.08,Credit Card,Nov,11,Q4
ORD-2025-1921,2025-08-08 04:32:37.631359,South,Beauty & Care,Makeup Kit,45.46,3,0.2,136.38,109.1,56.06,53.04,Credit Card,Aug,8,Q3
ORD-2025-1922,2025-12-13 23:58:47.939949,West,Electronics,Laptop,192.29,5,0.05,961.45,913.38,475.18,438.2,Credit Card,Dec,12,Q4
ORD-2025-1923,2025-07-24 22:05:54.295246,South,Sports & Outdoors,Dumbbell Set,368.7,5,0.05,1843.5,1751.32,1249.7,501.62,Credit Card,Jul,7,Q3
ORD-2025-1924,2025-06-02 09:36:28.824020,South,Home & Kitchen,Blender,154.16,4,0.0,616.64,616.64,379.64,237.0,UPI / Wallet,Jun,6,Q2
ORD-2025-1925,2025-10-27 08:04:00.200166,North,Home & Kitchen,Blender,158.07,3,0.05,474.21,450.5,290.52,159.98,UPI / Wallet,Oct,10,Q4
ORD-2025-1926,2025-11-01 19:12:57.648040,East,Beauty & Care,Skincare Set,115.8,5,0.1,579.0,521.1,251.8,269.3,Credit Card,Nov,11,Q4
ORD-2025-1927,2025-06-06 22:53:56.697247,South,Home & Kitchen,Air Fryer,47.47,3,0.0,142.41,142.41,109.78,32.63,Credit Card,Jun,6,Q2
ORD-2025-1928,2025-04-01 18:32:07.606338,West,Beauty & Care,Skincare Set,94.61,3,0.05,283.83,269.64,207.51,62.13,Debit Card,Apr,4,Q2
ORD-2025-1929,2025-03-16 01:48:05.404503,West,Electronics,Smartwatch,620.34,4,0.0,2481.36,2481.36,1744.9,736.46,UPI / Wallet,Mar,3,Q1
ORD-2025-1930,2025-01-03 17:34:28.723936,East,Beauty & Care,Skincare Set,34.74,3,0.15,104.22,88.59,46.4,42.19,Credit Card,Jan,1,Q1
ORD-2025-1931,2025-04-01 11:14:57.748123,South,Apparel,Jeans,73.03,1,0.0,73.03,73.03,44.27,28.76,Cash on Delivery,Apr,4,Q2
ORD-2025-1932,2025-10-20 01:12:03.603002,East,Electronics,Laptop,218.14,4,0.05,872.56,828.93,412.71,416.22,UPI / Wallet,Oct,10,Q4
ORD-2025-1933,2025-03-22 18:05:42.285237,West,Sports & Outdoors,Yoga Mat,268.97,3,0.0,806.91,806.91,467.87,339.04,Credit Card,Mar,3,Q1
ORD-2025-1934,2025-05-16 02:18:06.905754,North,Beauty & Care,Skincare Set,93.95,2,0.0,187.9,187.9,124.6,63.3,UPI / Wallet,May,5,Q2
ORD-2025-1935,2025-12-03 16:15:12.760633,West,Sports & Outdoors,Bicycle,449.11,4,0.1,1796.44,1616.8,940.43,676.37,Credit Card,Dec,12,Q4
ORD-2025-1936,2025-07-20 23:22:46.138448,North,Electronics,Laptop,205.12,2,0.1,410.24,369.22,186.62,182.6,Credit Card,Jul,7,Q3
ORD-2025-1937,2025-05-03 01:00:03.002502,North,Apparel,Jeans,42.14,3,0.05,126.42,120.1,69.5,50.6,Credit Card,May,5,Q2
ORD-2025-1938,2025-02-10 01:45:41.284403,East,Home & Kitchen,Cookware Set,187.06,1,0.2,187.06,149.65,72.59,77.06,UPI / Wallet,Feb,2,Q1
ORD-2025-1939,2025-09-12 09:43:41.184320,West,Sports & Outdoors,Yoga Mat,372.17,3,0.05,1116.51,1060.68,687.85,372.83,UPI / Wallet,Sep,9,Q3
ORD-2025-1940,2025-11-20 22:14:18.715596,East,Sports & Outdoors,Dumbbell Set,303.99,3,0.0,911.97,911.97,634.28,277.69,UPI / Wallet,Nov,11,Q4
ORD-2025-1941,2025-06-07 06:11:06.555462,East,Apparel,Jeans,163.35,4,0.0,653.4,653.4,423.33,230.07,UPI / Wallet,Jun,6,Q2
ORD-2025-1942,2025-07-20 16:05:36.280233,West,Apparel,T-Shirt,157.24,1,0.0,157.24,157.24,106.25,50.99,Credit Card,Jul,7,Q3
ORD-2025-1943,2025-09-21 05:01:27.072560,South,Apparel,Jeans,32.93,5,0.1,164.65,148.18,82.83,65.35,Credit Card,Sep,9,Q3
ORD-2025-1944,2025-12-09 17:58:29.924937,North,Electronics,Smartphone,917.77,1,0.05,917.77,871.88,619.41,252.47,Credit Card,Dec,12,Q4
ORD-2025-1945,2025-03-12 10:22:07.105921,East,Home & Kitchen,Air Fryer,61.19,5,0.15,305.95,260.06,176.33,83.73,UPI / Wallet,Mar,3,Q1
ORD-2025-1946,2025-01-06 03:51:47.589658,West,Home & Kitchen,Cookware Set,158.75,1,0.0,158.75,158.75,102.97,55.78,Debit Card,Jan,1,Q1
ORD-2025-1947,2025-07-25 05:23:04.153461,South,Electronics,Smartwatch,437.57,2,0.1,875.14,787.63,513.02,274.61,Debit Card,Jul,7,Q3
ORD-2025-1948,2025-08-28 12:42:38.131776,East,Home & Kitchen,Air Fryer,118.7,2,0.1,237.4,213.66,138.9,74.76,Cash on Delivery,Aug,8,Q3
ORD-2025-1949,2025-01-15 13:43:53.194328,North,Home & Kitchen,Blender,158.87,3,0.1,476.61,428.95,289.57,139.38,Credit Card,Jan,1,Q1
ORD-2025-1950,2025-08-21 05:50:41.534612,West,Apparel,Jeans,73.31,2,0.05,146.62,139.29,95.16,44.13,UPI / Wallet,Aug,8,Q3
ORD-2025-1951,2025-12-14 07:15:57.798165,West,Apparel,Jacket,155.13,1,0.0,155.13,155.13,115.43,39.7,Credit Card,Dec,12,Q4
ORD-2025-1952,2025-01-24 09:01:39.082568,North,Electronics,Laptop,470.65,5,0.0,2353.25,2353.25,1170.57,1182.68,UPI / Wallet,Jan,1,Q1
ORD-2025-1953,2025-08-30 15:42:47.139282,South,Electronics,Laptop,857.4,5,0.0,4287.0,4287.0,2292.48,1994.52,UPI / Wallet,Aug,8,Q3
ORD-2025-1954,2025-04-07 12:58:14.912427,West,Beauty & Care,Perfume,42.39,3,0.15,127.17,108.09,70.87,37.22,Credit Card,Apr,4,Q2
ORD-2025-1955,2025-05-12 10:52:08.607172,North,Electronics,Laptop,602.3,5,0.15,3011.5,2559.78,1814.09,745.69,Credit Card,May,5,Q2
ORD-2025-1956,2025-12-04 14:06:42.335279,South,Beauty & Care,Perfume,84.5,3,0.0,253.5,253.5,181.34,72.16,Cash on Delivery,Dec,12,Q4
ORD-2025-1957,2025-09-14 20:01:00.050041,South,Apparel,T-Shirt,178.14,4,0.0,712.56,712.56,436.59,275.97,UPI / Wallet,Sep,9,Q3
ORD-2025-1958,2025-12-17 15:24:46.238532,South,Beauty & Care,Hair Dryer,114.03,2,0.1,228.06,205.25,151.68,53.57,Credit Card,Dec,12,Q4
ORD-2025-1959,2025-09-28 19:10:33.527939,South,Apparel,Sneakers,133.03,2,0.15,266.06,226.15,165.52,60.63,Credit Card,Sep,9,Q3
ORD-2025-1960,2025-03-26 09:31:40.583819,North,Apparel,Sneakers,84.14,4,0.1,336.56,302.9,151.23,151.67,Credit Card,Mar,3,Q1
ORD-2025-1961,2025-06-09 23:45:35.279399,North,Apparel,Sneakers,142.25,1,0.0,142.25,142.25,106.89,35.36,Credit Card,Jun,6,Q2
ORD-2025-1962,2025-11-17 21:22:40.133444,South,Home & Kitchen,Coffee Maker,209.5,1,0.0,209.5,209.5,112.5,97.0,UPI / Wallet,Nov,11,Q4
ORD-2025-1963,2025-05-12 10:52:08.607172,East,Sports & Outdoors,Bicycle,381.26,4,0.05,1525.04,1448.79,866.27,582.52,UPI / Wallet,May,5,Q2
ORD-2025-1964,2025-02-23 17:38:04.904086,South,Beauty & Care,Makeup Kit,32.28,4,0.0,129.12,129.12,87.4,41.72,UPI / Wallet,Feb,2,Q1
ORD-2025-1965,2025-11-21 20:05:48.290241,East,Apparel,Jeans,38.49,1,0.15,38.49,32.72,19.91,12.81,Credit Card,Nov,11,Q4
ORD-2025-1966,2025-10-10 08:02:48.140116,North,Apparel,Jeans,139.68,5,0.1,698.4,628.56,362.29,266.27,UPI / Wallet,Oct,10,Q4
ORD-2025-1967,2025-02-15 05:37:28.874061,South,Electronics,Laptop,1066.44,5,0.0,5332.2,5332.2,2821.04,2511.16,Cash on Delivery,Feb,2,Q1
ORD-2025-1968,2025-02-18 21:03:27.172643,East,Beauty & Care,Hair Dryer,28.77,4,0.0,115.08,115.08,82.63,32.45,Cash on Delivery,Feb,2,Q1
ORD-2025-1969,2025-09-20 21:44:17.214345,North,Apparel,T-Shirt,110.53,5,0.0,552.65,552.65,385.13,167.52,UPI / Wallet,Sep,9,Q3
ORD-2025-1970,2025-05-05 18:34:31.726438,South,Apparel,T-Shirt,135.93,4,0.05,543.72,516.53,283.87,232.66,Debit Card,May,5,Q2
ORD-2025-1971,2025-09-30 00:19:12.960800,West,Home & Kitchen,Coffee Maker,149.25,3,0.0,447.75,447.75,298.03,149.72,UPI / Wallet,Sep,9,Q3
ORD-2025-1972,2025-05-21 13:27:04.353628,North,Beauty & Care,Skincare Set,57.19,4,0.05,228.76,217.32,111.37,105.95,Cash on Delivery,May,5,Q2
ORD-2025-1973,2025-04-26 01:25:16.263552,South,Home & Kitchen,Cookware Set,46.56,1,0.2,46.56,37.25,24.62,12.63,Credit Card,Apr,4,Q2
ORD-2025-1974,2025-03-16 09:05:15.262718,South,Electronics,Headphones,710.81,4,0.0,2843.24,2843.24,1524.34,1318.9,,Mar,3,Q1
ORD-2025-1975,2025-02-21 21:55:05.754795,East,Beauty & Care,Perfume,112.8,5,0.0,564.0,564.0,283.04,280.96,Cash on Delivery,Feb,2,Q1
ORD-2025-1976,2025-09-19 09:18:27.923269,East,Home & Kitchen,Blender,244.95,4,0.2,979.8,783.84,523.16,260.68,UPI / Wallet,Sep,9,Q3
ORD-2025-1977,2025-09-21 05:01:27.072560,North,Beauty & Care,Perfume,85.21,5,0.0,426.05,426.05,292.52,133.53,Credit Card,Sep,9,Q3
ORD-2025-1978,2025-06-30 15:12:45.638031,East,Apparel,Jacket,54.84,2,0.0,109.68,109.68,72.15,37.53,UPI / Wallet,Jun,6,Q2
ORD-2025-1979,2025-01-07 01:43:17.164303,West,Sports & Outdoors,Dumbbell Set,349.33,1,0.0,349.33,349.33,169.26,180.07,Debit Card,Jan,1,Q1
ORD-2025-1980,2025-06-11 12:11:24.570475,North,Apparel,Jeans,42.72,1,0.05,42.72,40.58,20.26,20.32,Debit Card,Jun,6,Q2
ORD-2025-1981,2025-12-16 02:58:56.947456,North,Apparel,Jacket,36.53,1,0.05,36.53,34.7,24.39,10.31,Credit Card,Dec,12,Q4
ORD-2025-1982,2025-06-03 22:02:18.115095,North,Sports & Outdoors,Water Bottle,148.11,5,0.0,740.55,740.55,542.06,198.49,Credit Card,Jun,6,Q2
ORD-2025-1983,2025-11-14 13:13:51.693077,North,Electronics,Laptop,900.6,4,0.05,3602.4,3422.28,2434.85,987.43,Credit Card,Nov,11,Q4
ORD-2025-1984,2025-08-17 07:07:33.377814,North,Home & Kitchen,Air Fryer,275.31,5,0.0,1376.55,1376.55,1000.56,375.99,Credit Card,Aug,8,Q3
ORD-2025-1985,2025-05-23 16:27:13.361134,East,Sports & Outdoors,Water Bottle,320.5,3,0.0,961.5,961.5,531.77,429.73,Credit Card,May,5,Q2
ORD-2025-1986,2025-07-29 18:40:32.026688,North,Apparel,Jacket,59.35,3,0.0,178.05,178.05,96.69,81.36,Debit Card,Jul,7,Q3
ORD-2025-1987,2025-02-19 18:54:56.747289,North,Apparel,Sneakers,144.61,5,0.1,723.05,650.74,489.36,161.38,Credit Card,Feb,2,Q1
ORD-2025-1988,2025-08-24 06:42:20.116763,East,Electronics,Smartphone,597.76,1,0.2,597.76,478.21,331.7,146.51,Debit Card,Aug,8,Q3
ORD-2025-1989,2025-04-25 10:50:56.547122,West,Apparel,Jacket,112.47,1,0.0,112.47,112.47,60.43,52.04,Cash on Delivery,Apr,4,Q2
ORD-2025-1990,2025-01-10 09:52:05.604670,West,Home & Kitchen,Cookware Set,257.46,1,0.0,257.46,257.46,152.59,104.87,Debit Card,Jan,1,Q1
ORD-2025-1991,2025-08-15 18:41:44.086738,North,Electronics,Headphones,438.72,4,0.0,1754.88,1754.88,990.68,764.2,Credit Card,Aug,8,Q3
ORD-2025-1992,2025-04-13 21:58:41.934945,North,Apparel,Sneakers,79.26,5,0.0,396.3,396.3,301.15,95.15,Debit Card,Apr,4,Q2
ORD-2025-1993,2025-06-12 10:02:54.145120,East,Sports & Outdoors,Yoga Mat,332.77,5,0.0,1663.85,1663.85,1090.77,573.08,Debit Card,Jun,6,Q2
ORD-2025-1994,2025-01-23 11:10:09.507923,North,Apparel,Sneakers,160.48,5,0.05,802.4,762.28,521.83,240.45,Credit Card,Jan,1,Q1
ORD-2025-1995,2025-03-09 02:13:18.665554,North,Apparel,Jeans,28.26,1,0.1,28.26,25.43,14.6,10.83,Credit Card,Mar,3,Q1
ORD-2025-1996,2025-05-24 21:35:52.793994,North,Beauty & Care,Perfume,29.08,1,0.0,29.08,29.08,16.13,12.95,Credit Card,May,5,Q2
ORD-2025-1997,2025-07-31 21:40:41.034195,North,Beauty & Care,Makeup Kit,24.93,2,0.1,49.86,44.87,30.57,14.3,Credit Card,Jul,7,Q3
ORD-2025-1998,2025-11-27 14:31:55.596330,North,Sports & Outdoors,Yoga Mat,252.73,4,0.0,1010.92,1010.92,710.35,300.57,Debit Card,Nov,11,Q4
ORD-2025-1999,2025-09-25 03:44:35.229357,East,Electronics,Smartwatch,1033.62,5,0.0,5168.1,5168.1,3811.22,1356.88,Credit Card,Sep,9,Q3
ORD-2025-2000,2025-03-25 11:40:11.009174,East,Sports & Outdoors,Yoga Mat,426.85,5,0.05,2134.25,2027.54,1071.92,955.62,UPI / Wallet,Mar,3,Q1
ORD-2025-2001,2025-07-10 22:56:20.817347,West,Apparel,Sneakers,108.85,2,0.05,217.7,206.81,103.74,103.07,Credit Card,Jul,7,Q3
ORD-2025-2002,2025-07-03 23:21:34.078398,West,Home & Kitchen,Blender,302.76,3,0.15,908.28,772.04,390.13,381.91,Credit Card,Jul,7,Q3
ORD-2025-2003,2025-09-15 17:52:29.624687,East,Sports & Outdoors,Yoga Mat,178.88,3,0.0,536.64,536.64,264.4,272.24,Credit Card,Sep,9,Q3
ORD-2025-2004,2025-10-13 01:37:16.864053,South,Home & Kitchen,Coffee Maker,303.84,2,0.05,607.68,577.3,370.96,206.34,Debit Card,Oct,10,Q4
ORD-2025-2005,2025-03-04 05:38:40.934111,East,Home & Kitchen,Cookware Set,111.87,3,0.05,335.61,318.83,176.28,142.55,UPI / Wallet,Mar,3,Q1
ORD-2025-2006,2025-09-07 13:09:03.452877,South,Beauty & Care,Skincare Set,41.24,3,0.05,123.72,117.53,58.86,58.67,Credit Card,Sep,9,Q3
ORD-2025-2007,2025-03-05 10:47:20.366972,East,Electronics,Smartphone,636.97,4,0.1,2547.88,2293.09,1333.24,959.85,Credit Card,Mar,3,Q1
ORD-2025-2008,2025-11-19 17:05:39.282735,North,Electronics,Headphones,731.47,1,0.05,731.47,694.9,414.41,280.49,UPI / Wallet,Nov,11,Q4
ORD-2025-2009,2025-08-23 16:08:00.400333,East,Apparel,Jeans,158.66,2,0.05,317.32,301.45,198.34,103.11,Credit Card,Aug,8,Q3
ORD-2025-2010,2025-03-19 17:14:03.703085,North,Apparel,Jeans,69.84,4,0.1,279.36,251.42,125.78,125.64,UPI / Wallet,Mar,3,Q1
ORD-2025-2011,2025-02-15 05:37:28.874061,West,Sports & Outdoors,Dumbbell Set,166.81,5,0.05,834.05,792.35,386.52,405.83,Credit Card,Feb,2,Q1
ORD-2025-2012,2025-01-30 18:02:06.105087,North,Home & Kitchen,Blender,286.65,2,0.0,573.3,573.3,427.56,145.74,Credit Card,Jan,1,Q1
ORD-2025-2013,2025-12-24 22:16:42.835696,East,Electronics,Smartphone,1044.85,1,0.0,1044.85,1044.85,766.01,278.84,Cash on Delivery,Dec,12,Q4
ORD-2025-2014,2025-06-26 23:46:47.339449,North,Electronics,Smartwatch,661.81,2,0.0,1323.62,1323.62,876.89,446.73,Credit Card,Jun,6,Q2
ORD-2025-2015,2025-08-31 20:51:26.572143,West,Beauty & Care,Perfume,95.32,2,0.0,190.64,190.64,98.4,92.24,Credit Card,Aug,8,Q3
ORD-2025-2016,2025-07-07 00:13:12.660550,East,Sports & Outdoors,Water Bottle,135.9,3,0.05,407.7,387.32,251.29,136.03,Debit Card,Jul,7,Q3
ORD-2025-2017,2025-02-08 20:37:01.851542,East,Electronics,Headphones,685.78,1,0.2,685.78,548.62,287.69,260.93,Cash on Delivery,Feb,2,Q1
ORD-2025-2018,2025-02-19 18:54:56.747289,North,Sports & Outdoors,Dumbbell Set,439.32,1,0.0,439.32,439.32,224.29,215.03,UPI / Wallet,Feb,2,Q1
ORD-2025-2019,2025-10-28 20:29:49.491242,East,Electronics,Headphones,428.01,2,0.0,856.02,856.02,493.61,362.41,UPI / Wallet,Oct,10,Q4
ORD-2025-2020,2025-11-19 02:31:19.566305,North,Electronics,Smartphone,355.63,1,0.0,355.63,355.63,186.68,168.95,Credit Card,Nov,11,Q4
ORD-2025-2021,2025-10-27 22:38:19.916597,West,Beauty & Care,Skincare Set,97.18,1,0.1,97.18,87.46,67.19,20.27,Cash on Delivery,Oct,10,Q4
ORD-2025-2022,2025-01-05 13:17:27.873227,West,Electronics,Laptop,245.11,1,0.05,245.11,232.85,166.77,66.08,Credit Card,Jan,1,Q1
ORD-2025-2023,2025-08-31 20:51:26.572143,East,Beauty & Care,Hair Dryer,44.21,4,0.1,176.84,159.16,106.41,52.75,Credit Card,Aug,8,Q3
ORD-2025-2024,2025-10-05 04:11:00.550458,East,Electronics,Smartwatch,748.32,1,0.1,748.32,673.49,400.47,273.02,Cash on Delivery,Oct,10,Q4
ORD-2025-2025,2025-04-22 09:59:17.964970,South,Home & Kitchen,Cookware Set,106.31,3,0.15,318.93,271.09,178.58,92.51,UPI / Wallet,Apr,4,Q2
ORD-2025-2026,2025-12-06 17:06:51.342785,South,Home & Kitchen,Cookware Set,225.74,3,0.05,677.22,643.36,435.33,208.03,UPI / Wallet,Dec,12,Q4
ORD-2025-2027,2025-09-29 09:44:53.244370,West,Home & Kitchen,Cookware Set,247.54,5,0.0,1237.7,1237.7,960.81,276.89,Credit Card,Sep,9,Q3
ORD-2025-2028,2025-01-23 03:52:59.649708,North,Apparel,Jacket,162.19,3,0.0,486.57,486.57,246.39,240.18,Credit Card,Jan,1,Q1
ORD-2025-2029,2025-01-30 03:27:46.388657,West,Apparel,Sneakers,78.1,3,0.0,234.3,234.3,136.38,97.92,Credit Card,Jan,1,Q1
ORD-2025-2030,2025-02-18 13:46:17.314428,West,Apparel,T-Shirt,43.61,3,0.15,130.83,111.21,78.31,32.9,Credit Card,Feb,2,Q1
ORD-2025-2031,2025-06-14 13:03:03.152627,North,Home & Kitchen,Coffee Maker,183.79,4,0.0,735.16,735.16,556.26,178.9,UPI / Wallet,Jun,6,Q2
ORD-2025-2032,2025-03-10 07:21:58.098415,West,Electronics,Laptop,445.63,1,0.0,445.63,445.63,222.54,223.09,Debit Card,Mar,3,Q1
ORD-2025-2033,2025-09-26 01:36:04.804003,East,Electronics,Laptop,1095.91,1,0.0,1095.91,1095.91,583.91,512.0,Debit Card,Sep,9,Q3
ORD-2025-2034,2025-05-11 20:17:48.890742,North,Apparel,Jeans,127.84,1,0.0,127.84,127.84,89.72,38.12,UPI / Wallet,May,5,Q2
ORD-2025-2035,2025-03-05 03:30:10.508757,South,Electronics,Headphones,432.24,3,0.0,1296.72,1296.72,963.67,333.05,UPI / Wallet,Mar,3,Q1
ORD-2025-2036,2025-06-16 01:28:52.443703,South,Beauty & Care,Perfume,91.5,5,0.2,457.5,366.0,237.78,128.22,Credit Card,Jun,6,Q2
ORD-2025-2037,2025-03-08 18:56:08.807339,North,Electronics,Smartphone,631.71,2,0.0,1263.42,1263.42,824.62,438.8,Credit Card,Mar,3,Q1
ORD-2025-2038,2025-10-04 06:19:30.975813,South,Apparel,Sneakers,154.09,1,0.0,154.09,154.09,96.71,57.38,Cash on Delivery,Oct,10,Q4
ORD-2025-2039,2025-05-14 06:35:07.756463,South,Apparel,T-Shirt,27.39,1,0.0,27.39,27.39,17.87,9.52,Credit Card,May,5,Q2
ORD-2025-2040,2025-12-14 21:50:17.514595,West,Home & Kitchen,Coffee Maker,148.1,1,0.0,148.1,148.1,106.55,41.55,Debit Card,Dec,12,Q4
ORD-2025-2041,2025-12-22 04:42:14.111759,South,Electronics,Laptop,602.36,2,0.0,1204.72,1204.72,916.27,288.45,UPI / Wallet,Dec,12,Q4
ORD-2025-2042,2025-10-08 19:36:58.849040,South,Home & Kitchen,Coffee Maker,289.36,4,0.2,1157.44,925.95,540.13,385.82,UPI / Wallet,Oct,10,Q4
ORD-2025-2043,2025-11-01 11:55:47.789824,East,Beauty & Care,Makeup Kit,42.48,5,0.0,212.4,212.4,139.98,72.42,Credit Card,Nov,11,Q4
ORD-2025-2044,2025-10-10 22:37:07.856547,North,Sports & Outdoors,Bicycle,200.01,4,0.15,800.04,680.03,460.71,219.32,UPI / Wallet,Oct,10,Q4
ORD-2025-2045,2025-08-20 07:59:11.959966,South,Sports & Outdoors,Dumbbell Set,158.93,5,0.05,794.65,754.92,576.68,178.24,Credit Card,Aug,8,Q3
ORD-2025-2046,2025-09-14 05:26:40.333611,South,Sports & Outdoors,Yoga Mat,304.48,4,0.0,1217.92,1217.92,856.17,361.75,Credit Card,Sep,9,Q3
ORD-2025-2047,2025-10-26 10:12:30.625521,North,Beauty & Care,Skincare Set,50.25,5,0.05,251.25,238.69,123.07,115.62,UPI / Wallet,Oct,10,Q4
ORD-2025-2048,2025-09-01 04:08:36.430358,South,Sports & Outdoors,Yoga Mat,40.89,1,0.05,40.89,38.85,24.54,14.31,Credit Card,Sep,9,Q3
ORD-2025-2049,2025-03-29 03:06:09.307756,East,Electronics,Headphones,186.65,1,0.0,186.65,186.65,98.44,88.21,Cash on Delivery,Mar,3,Q1
ORD-2025-2050,2025-03-15 11:13:45.688073,North,Home & Kitchen,Cookware Set,191.79,2,0.0,383.58,383.58,295.57,88.01,UPI / Wallet,Mar,3,Q1
ORD-2025-2051,2025-01-15 06:26:43.336113,East,Beauty & Care,Skincare Set,58.84,3,0.05,176.52,167.69,85.75,81.94,Debit Card,Jan,1,Q1
ORD-2025-2052,2025-11-15 18:22:31.125938,North,Electronics,Smartwatch,1104.83,1,0.1,1104.83,994.35,583.82,410.53,UPI / Wallet,Nov,11,Q4
ORD-2025-2053,2025-02-25 13:21:04.053377,North,Apparel,T-Shirt,80.61,2,0.0,161.22,161.22,122.65,38.57,UPI / Wallet,Feb,2,Q1
ORD-2025-2054,2025-03-09 09:30:28.523769,West,Sports & Outdoors,Yoga Mat,37.64,5,0.0,188.2,188.2,137.45,50.75,Credit Card,Mar,3,Q1
ORD-2025-2055,2025-12-26 03:25:22.268557,North,Sports & Outdoors,Yoga Mat,234.79,4,0.0,939.16,939.16,530.01,409.15,Debit Card,Dec,12,Q4
ORD-2025-2056,2025-08-12 03:15:45.788156,South,Beauty & Care,Perfume,30.3,1,0.0,30.3,30.3,20.57,9.73,Debit Card,Aug,8,Q3
ORD-2025-2057,2025-08-19 10:07:42.385321,East,Sports & Outdoors,Yoga Mat,106.53,1,0.15,106.53,90.55,53.25,37.3,Credit Card,Aug,8,Q3
ORD-2025-2058,2025-02-03 02:10:54.545454,North,Beauty & Care,Hair Dryer,89.56,5,0.1,447.8,403.02,201.2,201.82,Credit Card,Feb,2,Q1
ORD-2025-2059,2025-06-09 23:45:35.279399,North,Electronics,Smartphone,362.12,4,0.0,1448.48,1448.48,1061.05,387.43,Credit Card,Jun,6,Q2
ORD-2025-2060,2025-03-03 00:30:01.501251,South,Sports & Outdoors,Dumbbell Set,51.27,4,0.05,205.08,194.83,147.02,47.81,Cash on Delivery,Mar,3,Q1
ORD-2025-2061,2025-03-14 13:22:16.113427,North,Home & Kitchen,Blender,216.61,3,0.05,649.83,617.34,354.67,262.67,Cash on Delivery,Mar,3,Q1
ORD-2025-2062,2025-10-19 17:54:53.744787,East,Sports & Outdoors,Bicycle,346.83,1,0.15,346.83,294.81,207.97,86.84,Credit Card,Oct,10,Q4
ORD-2025-2063,2025-10-21 06:20:43.035863,North,Electronics,Headphones,179.7,1,0.05,179.7,170.71,98.85,71.86,UPI / Wallet,Oct,10,Q4
ORD-2025-2064,2025-04-19 23:41:59.099249,South,Beauty & Care,Hair Dryer,47.66,4,0.15,190.64,162.04,111.85,50.19,Credit Card,Apr,4,Q2
ORD-2025-2065,2025-01-22 06:01:30.075062,East,Home & Kitchen,Blender,100.03,5,0.0,500.15,500.15,372.01,128.14,UPI / Wallet,Jan,1,Q1
ORD-2025-2066,2025-08-03 15:15:09.758131,North,Electronics,Headphones,875.92,5,0.0,4379.6,4379.6,2376.05,2003.55,Cash on Delivery,Aug,8,Q3
ORD-2025-2067,2025-10-23 02:03:42.185154,West,Electronics,Laptop,655.1,5,0.1,3275.5,2947.95,1622.79,1325.16,Credit Card,Oct,10,Q4
ORD-2025-2068,2025-03-07 06:30:19.516263,West,Home & Kitchen,Coffee Maker,229.56,5,0.0,1147.8,1147.8,860.45,287.35,Debit Card,Mar,3,Q1
ORD-2025-2069,2025-06-20 22:03:30.175145,South,Home & Kitchen,Coffee Maker,84.84,4,0.0,339.36,339.36,249.55,89.81,Debit Card,Jun,6,Q2
ORD-2025-2070,2025-10-18 20:03:24.170141,North,Beauty & Care,Skincare Set,75.66,2,0.2,151.32,121.06,77.78,43.28,UPI / Wallet,Oct,10,Q4
ORD-2025-2071,2025-11-22 10:40:08.006672,East,Electronics,Smartwatch,307.12,2,0.05,614.24,583.53,369.04,214.49,Debit Card,Nov,11,Q4
ORD-2025-2072,2025-12-05 11:58:11.909924,North,Home & Kitchen,Air Fryer,130.35,2,0.0,260.7,260.7,128.28,132.42,UPI / Wallet,Dec,12,Q4
ORD-2025-2073,2025-07-10 01:04:51.242702,North,Beauty & Care,Makeup Kit,86.52,1,0.05,86.52,82.19,59.88,22.31,Cash on Delivery,Jul,7,Q3
ORD-2025-2074,2025-03-28 19:48:59.449541,East,Beauty & Care,Makeup Kit,70.16,4,0.2,280.64,224.51,170.28,54.23,Credit Card,Mar,3,Q1
ORD-2025-2075,2025-05-17 07:26:46.338615,West,Home & Kitchen,Blender,91.88,2,0.0,183.76,183.76,95.27,88.49,Credit Card,May,5,Q2
ORD-2025-2076,2025-10-15 11:54:35.729774,North,Sports & Outdoors,Bicycle,274.36,2,0.1,548.72,493.85,268.71,225.14,Debit Card,Oct,10,Q4
ORD-2025-2077,2025-09-17 20:52:38.632193,East,Electronics,Smartphone,572.39,3,0.0,1717.17,1717.17,1078.49,638.68,Debit Card,Sep,9,Q3
ORD-2025-2078,2025-06-02 02:19:18.965804,East,Sports & Outdoors,Dumbbell Set,69.51,4,0.1,278.04,250.24,161.25,88.99,Debit Card,Jun,6,Q2
ORD-2025-2079,2025-08-11 19:58:35.929941,East,Home & Kitchen,Cookware Set,232.73,4,0.1,930.92,837.83,453.16,384.67,UPI / Wallet,Aug,8,Q3
ORD-2025-2080,2025-11-12 02:56:32.827356,North,Home & Kitchen,Blender,98.68,5,0.0,493.4,493.4,319.17,174.23,Credit Card,Nov,11,Q4
ORD-2025-2081,2025-07-28 20:49:02.452043,West,Beauty & Care,Perfume,102.38,2,0.0,204.76,204.76,133.54,71.22,UPI / Wallet,Jul,7,Q3
ORD-2025-2082,2025-11-06 15:47:35.379482,West,Electronics,Laptop,269.28,1,0.05,269.28,255.82,195.51,60.31,Credit Card,Nov,11,Q4
ORD-2025-2083,2025-08-31 06:17:06.855713,North,Beauty & Care,Hair Dryer,110.81,1,0.0,110.81,110.81,76.1,34.71,Debit Card,Aug,8,Q3
ORD-2025-2084,2025-01-04 22:43:08.156797,South,Home & Kitchen,Blender,254.8,1,0.2,254.8,203.84,157.95,45.89,Cash on Delivery,Jan,1,Q1
ORD-2025-2085,2025-03-17 14:13:54.695579,North,Home & Kitchen,Air Fryer,267.91,5,0.0,1339.55,1339.55,915.68,423.87,Debit Card,Mar,3,Q1
ORD-2025-2086,2025-08-14 06:15:54.795663,South,Beauty & Care,Makeup Kit,76.0,3,0.0,228.0,228.0,175.1,52.9,Credit Card,Aug,8,Q3
ORD-2025-2087,2025-06-21 19:54:59.749791,South,Electronics,Smartwatch,591.56,4,0.1,2366.24,2129.62,1369.73,759.89,UPI / Wallet,Jun,6,Q2
ORD-2025-2088,2025-09-13 14:52:20.617180,East,Sports & Outdoors,Water Bottle,240.47,2,0.15,480.94,408.8,249.57,159.23,Credit Card,Sep,9,Q3
ORD-2025-2089,2025-05-03 22:51:32.577147,North,Beauty & Care,Makeup Kit,47.57,5,0.0,237.85,237.85,116.03,121.82,Credit Card,May,5,Q2
ORD-2025-2090,2025-07-19 10:56:56.847372,East,Home & Kitchen,Air Fryer,165.16,4,0.0,660.64,660.64,461.42,199.22,Cash on Delivery,Jul,7,Q3
ORD-2025-2091,2025-11-08 04:13:24.670558,East,Beauty & Care,Hair Dryer,90.19,3,0.0,270.57,270.57,203.01,67.56,Debit Card,Nov,11,Q4
ORD-2025-2092,2025-10-01 12:45:02.251876,South,Beauty & Care,Perfume,110.67,1,0.0,110.67,110.67,53.87,56.8,Credit Card,Oct,10,Q4
ORD-2025-2093,2025-06-25 18:38:07.906588,South,Beauty & Care,Perfume,103.56,3,0.2,310.68,248.54,180.91,67.63,Credit Card,Jun,6,Q2
ORD-2025-2094,2025-04-16 15:33:10.658882,South,Electronics,Smartwatch,915.15,2,0.05,1830.3,1738.78,880.82,857.96,UPI / Wallet,Apr,4,Q2
ORD-2025-2095,2025-12-21 21:25:04.253544,South,Beauty & Care,Hair Dryer,22.72,1,0.2,22.72,18.18,9.07,9.11,Credit Card,Dec,12,Q4
ORD-2025-2096,2025-02-02 04:19:24.970809,North,Sports & Outdoors,Yoga Mat,237.07,2,0.05,474.14,450.43,254.6,195.83,Debit Card,Feb,2,Q1
ORD-2025-2097,2025-10-23 16:38:01.901584,West,Beauty & Care,Skincare Set,67.02,4,0.05,268.08,254.68,144.91,109.77,Credit Card,Oct,10,Q4
ORD-2025-2098,2025-01-02 19:42:59.149291,North,Electronics,Laptop,994.5,2,0.05,1989.0,1889.55,1227.7,661.85,Credit Card,Jan,1,Q1
ORD-2025-2099,2025-12-23 17:08:03.402835,East,Sports & Outdoors,Water Bottle,96.27,1,0.0,96.27,96.27,69.69,26.58,UPI / Wallet,Dec,12,Q4
ORD-2025-2100,2025-01-12 05:35:04.753961,West,Home & Kitchen,Air Fryer,216.33,4,0.2,865.32,692.26,508.17,184.09,UPI / Wallet,Jan,1,Q1
ORD-2025-2101,2025-08-07 13:58:17.914929,North,Electronics,Smartwatch,733.29,3,0.0,2199.87,2199.87,1151.41,1048.46,UPI / Wallet,Aug,8,Q3
ORD-2025-2102,2025-12-04 14:06:42.335279,West,Beauty & Care,Perfume,86.51,1,0.05,86.51,82.18,58.21,23.97,Credit Card,Dec,12,Q4
ORD-2025-2103,2025-08-17 14:24:43.236030,West,Beauty & Care,Makeup Kit,30.94,5,0.0,154.7,154.7,82.26,72.44,Credit Card,Aug,8,Q3
ORD-2025-2104,2025-02-21 07:20:46.038365,South,Electronics,Laptop,878.32,1,0.0,878.32,878.32,595.72,282.6,Credit Card,Feb,2,Q1
ORD-2025-2105,2025-07-13 01:56:29.824854,North,Electronics,Smartphone,657.86,4,0.1,2631.44,2368.3,1813.95,554.35,Cash on Delivery,Jul,7,Q3
ORD-2025-2106,2025-04-23 15:07:57.397831,North,Home & Kitchen,Air Fryer,220.17,5,0.05,1100.85,1045.81,506.25,539.56,Credit Card,Apr,4,Q2
ORD-2025-2107,2025-10-24 14:29:31.476230,South,Electronics,Headphones,781.37,5,0.15,3906.85,3320.82,2416.45,904.37,Credit Card,Oct,10,Q4
ORD-2025-2108,2025-07-11 20:47:50.391993,East,Sports & Outdoors,Water Bottle,141.81,2,0.05,283.62,269.44,200.93,68.51,UPI / Wallet,Jul,7,Q3
ORD-2025-2109,2025-03-04 05:38:40.934111,South,Sports & Outdoors,Water Bottle,239.81,1,0.1,239.81,215.83,128.48,87.35,UPI / Wallet,Mar,3,Q1
ORD-2025-2110,2025-08-11 12:41:26.071726,West,Home & Kitchen,Coffee Maker,182.47,2,0.0,364.94,364.94,263.01,101.93,UPI / Wallet,Aug,8,Q3
ORD-2025-2111,2025-01-14 08:35:13.761467,East,Electronics,Smartphone,505.98,3,0.0,1517.94,1517.94,887.28,630.66,Debit Card,Jan,1,Q1
ORD-2025-2112,2025-04-02 01:49:17.464553,South,Apparel,Jacket,163.5,5,0.0,817.5,817.5,543.4,274.1,Credit Card,Apr,4,Q2
ORD-2025-2113,2025-01-03 03:00:09.007506,West,Home & Kitchen,Blender,173.52,5,0.15,867.6,737.46,386.23,351.23,Credit Card,Jan,1,Q1
ORD-2025-2114,2025-08-26 09:42:29.124270,East,Beauty & Care,Skincare Set,45.74,4,0.15,182.96,155.52,119.81,35.71,Debit Card,Aug,8,Q3
ORD-2025-2115,2025-11-14 20:31:01.551292,North,Apparel,T-Shirt,116.22,1,0.0,116.22,116.22,70.88,45.34,Debit Card,Nov,11,Q4
ORD-2025-2116,2025-08-03 00:40:50.041701,West,Home & Kitchen,Blender,244.08,1,0.0,244.08,244.08,145.91,98.17,Credit Card,Aug,8,Q3
ORD-2025-2117,2025-05-17 07:26:46.338615,North,Electronics,Smartwatch,207.7,2,0.0,415.4,415.4,289.16,126.24,UPI / Wallet,May,5,Q2
ORD-2025-2118,2025-09-10 14:00:42.035029,North,Electronics,Smartphone,831.5,4,0.0,3326.0,3326.0,2453.78,872.22,Cash on Delivery,Sep,9,Q3
ORD-2025-2119,2025-03-17 06:56:44.837364,North,Home & Kitchen,Blender,329.38,4,0.1,1317.52,1185.77,788.31,397.46,Debit Card,Mar,3,Q1
ORD-2025-2120,2025-03-13 08:13:36.680567,East,Electronics,Smartphone,263.3,1,0.0,263.3,263.3,166.54,96.76,,Mar,3,Q1
ORD-2025-2121,2025-08-01 19:32:10.608840,South,Home & Kitchen,Coffee Maker,274.03,5,0.1,1370.15,1233.14,793.3,439.84,Debit Card,Aug,8,Q3
ORD-2025-2122,2025-01-14 01:18:03.903252,East,Beauty & Care,Makeup Kit,103.28,4,0.0,413.12,413.12,248.51,164.61,Credit Card,Jan,1,Q1
ORD-2025-2123,2025-09-29 02:27:43.386155,South,Sports & Outdoors,Bicycle,145.66,3,0.05,436.98,415.13,292.6,122.53,Credit Card,Sep,9,Q3
ORD-2025-2124,2025-08-29 03:16:57.848206,South,Sports & Outdoors,Yoga Mat,29.93,3,0.05,89.79,85.3,64.14,21.16,Debit Card,Aug,8,Q3
ORD-2025-2125,2025-07-27 08:23:13.160967,North,Home & Kitchen,Coffee Maker,177.69,1,0.0,177.69,177.69,117.04,60.65,Debit Card,Jul,7,Q3
ORD-2025-2126,2025-10-04 06:19:30.975813,East,Apparel,T-Shirt,50.45,2,0.15,100.9,85.76,49.21,36.55,Credit Card,Oct,10,Q4
ORD-2025-2127,2025-01-11 15:00:45.037531,West,Sports & Outdoors,Water Bottle,418.61,2,0.2,837.22,669.78,514.57,155.21,Cash on Delivery,Jan,1,Q1
ORD-2025-2128,2025-07-06 02:21:43.085904,West,Sports & Outdoors,Yoga Mat,153.21,5,0.0,766.05,766.05,567.38,198.67,Cash on Delivery,Jul,7,Q3
ORD-2025-2129,2025-09-26 08:53:14.662218,South,Sports & Outdoors,Yoga Mat,219.02,2,0.0,438.04,438.04,220.2,217.84,UPI / Wallet,Sep,9,Q3
ORD-2025-2130,2025-10-17 07:37:34.879065,East,Sports & Outdoors,Water Bottle,249.14,2,0.1,498.28,448.45,229.14,219.31,Credit Card,Oct,10,Q4
ORD-2025-2131,2025-10-30 08:55:38.782318,North,Sports & Outdoors,Bicycle,276.47,2,0.0,552.94,552.94,296.26,256.68,Cash on Delivery,Oct,10,Q4
ORD-2025-2132,2025-02-25 13:21:04.053377,North,Home & Kitchen,Cookware Set,329.39,3,0.05,988.17,938.76,704.17,234.59,Cash on Delivery,Feb,2,Q1
ORD-2025-2133,2025-04-19 09:07:39.382819,East,Sports & Outdoors,Bicycle,191.29,1,0.0,191.29,191.29,148.66,42.63,Credit Card,Apr,4,Q2
ORD-2025-2134,2025-02-21 21:55:05.754795,West,Beauty & Care,Perfume,88.34,5,0.0,441.7,441.7,220.07,221.63,Credit Card,Feb,2,Q1
ORD-2025-2135,2025-10-31 06:47:08.356964,North,Electronics,Headphones,169.36,1,0.15,169.36,143.96,99.41,44.55,UPI / Wallet,Oct,10,Q4
ORD-2025-2136,2025-05-25 04:53:02.652210,South,Electronics,Smartwatch,1189.76,2,0.1,2379.52,2141.57,1283.56,858.01,UPI / Wallet,May,5,Q2
ORD-2025-2137,2025-10-21 13:37:52.894078,East,Beauty & Care,Hair Dryer,113.61,4,0.1,454.44,409.0,226.77,182.23,Credit Card,Oct,10,Q4
ORD-2025-2138,2025-12-17 22:41:56.096747,East,Sports & Outdoors,Bicycle,169.56,4,0.05,678.24,644.33,402.11,242.22,UPI / Wallet,Dec,12,Q4
ORD-2025-2139,2025-01-09 04:43:26.171809,North,Sports & Outdoors,Dumbbell Set,329.66,2,0.0,659.32,659.32,500.32,159.0,Debit Card,Jan,1,Q1
ORD-2025-2140,2025-04-03 06:57:56.897414,North,Beauty & Care,Perfume,45.44,5,0.15,227.2,193.12,141.13,51.99,Credit Card,Apr,4,Q2
ORD-2025-2141,2025-08-22 18:16:30.825688,West,Apparel,T-Shirt,44.92,2,0.15,89.84,76.36,40.1,36.26,Debit Card,Aug,8,Q3
ORD-2025-2142,2025-03-23 08:40:02.001668,East,Apparel,T-Shirt,97.33,1,0.1,97.33,87.6,63.9,23.7,UPI / Wallet,Mar,3,Q1
ORD-2025-2143,2025-04-26 15:59:35.979983,North,Sports & Outdoors,Bicycle,267.86,2,0.05,535.72,508.93,359.27,149.66,Cash on Delivery,Apr,4,Q2
ORD-2025-2144,2025-07-06 16:56:02.802335,West,Home & Kitchen,Coffee Maker,136.56,3,0.1,409.68,368.71,252.83,115.88,Credit Card,Jul,7,Q3
ORD-2025-2145,2025-03-16 01:48:05.404503,North,Beauty & Care,Makeup Kit,92.08,1,0.0,92.08,92.08,63.03,29.05,Cash on Delivery,Mar,3,Q1
ORD-2025-2146,2025-02-19 04:20:37.030859,North,Apparel,Jacket,46.01,5,0.05,230.05,218.55,125.88,92.67,Cash on Delivery,Feb,2,Q1
ORD-2025-2147,2025-03-21 12:57:02.852376,South,Beauty & Care,Makeup Kit,27.88,3,0.1,83.64,75.28,51.53,23.75,Credit Card,Mar,3,Q1
ORD-2025-2148,2025-02-26 18:29:43.486238,West,Apparel,Jeans,145.05,2,0.0,290.1,290.1,218.74,71.36,UPI / Wallet,Feb,2,Q1
ORD-2025-2149,2025-02-10 16:20:01.000834,South,Electronics,Smartwatch,1088.48,4,0.1,4353.92,3918.53,2236.92,1681.61,Cash on Delivery,Feb,2,Q1
ORD-2025-2150,2025-03-12 17:39:16.964136,North,Apparel,Sneakers,91.28,5,0.05,456.4,433.58,305.57,128.01,Credit Card,Mar,3,Q1
ORD-2025-2151,2025-05-22 18:35:43.786488,West,Beauty & Care,Skincare Set,100.85,1,0.0,100.85,100.85,77.55,23.3,UPI / Wallet,May,5,Q2
ORD-2025-2152,2025-08-20 00:42:02.101751,West,Sports & Outdoors,Yoga Mat,217.07,3,0.0,651.21,651.21,392.87,258.34,Credit Card,Aug,8,Q3
ORD-2025-2153,2025-03-27 21:57:29.874895,North,Home & Kitchen,Blender,160.25,5,0.05,801.25,761.19,538.57,222.62,UPI / Wallet,Mar,3,Q1
ORD-2025-2154,2025-04-21 19:24:58.248540,North,Beauty & Care,Hair Dryer,75.93,1,0.05,75.93,72.13,35.42,36.71,Debit Card,Apr,4,Q2
ORD-2025-2155,2025-10-24 21:46:41.334445,North,Home & Kitchen,Cookware Set,157.22,5,0.05,786.1,746.8,480.29,266.51,UPI / Wallet,Oct,10,Q4
ORD-2025-2156,2025-09-12 09:43:41.184320,East,Home & Kitchen,Coffee Maker,89.69,2,0.05,179.38,170.41,112.05,58.36,Credit Card,Sep,9,Q3
ORD-2025-2157,2025-11-05 03:21:46.088407,West,Home & Kitchen,Air Fryer,44.42,5,0.1,222.1,199.89,137.37,62.52,UPI / Wallet,Nov,11,Q4
ORD-2025-2158,2025-11-19 02:31:19.566305,South,Sports & Outdoors,Yoga Mat,194.63,3,0.0,583.89,583.89,340.77,243.12,Credit Card,Nov,11,Q4
ORD-2025-2159,2025-01-02 05:08:39.432860,East,Beauty & Care,Skincare Set,96.44,3,0.1,289.32,260.39,133.16,127.23,Debit Card,Jan,1,Q1
ORD-2025-2160,2025-06-06 01:02:27.122602,East,Apparel,T-Shirt,49.81,5,0.05,249.05,236.6,157.79,78.81,Cash on Delivery,Jun,6,Q2
ORD-2025-2161,2025-05-03 01:00:03.002502,West,Home & Kitchen,Blender,219.87,5,0.1,1099.35,989.42,672.41,317.01,Credit Card,May,5,Q2
ORD-2025-2162,2025-01-16 18:52:32.627189,South,Home & Kitchen,Coffee Maker,212.96,5,0.0,1064.8,1064.8,592.68,472.12,Credit Card,Jan,1,Q1
ORD-2025-2163,2025-03-24 06:31:31.576313,North,Apparel,Sneakers,160.32,1,0.15,160.32,136.27,100.13,36.14,Credit Card,Mar,3,Q1
ORD-2025-2164,2025-03-24 21:05:51.292743,West,Apparel,Jeans,156.86,5,0.0,784.3,784.3,395.95,388.35,UPI / Wallet,Mar,3,Q1
ORD-2025-2165,2025-03-31 20:40:38.031693,East,Apparel,T-Shirt,114.5,1,0.0,114.5,114.5,66.86,47.64,UPI / Wallet,Mar,3,Q1
ORD-2025-2166,2025-06-26 01:55:17.764804,North,Home & Kitchen,Air Fryer,275.54,1,0.0,275.54,275.54,151.94,123.6,Credit Card,Jun,6,Q2
ORD-2025-2167,2025-03-07 06:30:19.516263,North,Apparel,Jeans,26.49,3,0.0,79.47,79.47,57.18,22.29,Credit Card,Mar,3,Q1
ORD-2025-2168,2025-04-26 23:16:45.838198,South,Beauty & Care,Skincare Set,111.05,3,0.05,333.15,316.49,200.63,115.86,Debit Card,Apr,4,Q2
ORD-2025-2169,2025-05-20 22:52:44.637197,North,Sports & Outdoors,Yoga Mat,316.88,1,0.0,316.88,316.88,227.32,89.56,Cash on Delivery,May,5,Q2
ORD-2025-2170,2025-06-26 16:29:37.481234,West,Apparel,Sneakers,114.12,2,0.0,228.24,228.24,133.01,95.23,Credit Card,Jun,6,Q2
ORD-2025-2171,2025-12-26 10:42:32.126772,South,Sports & Outdoors,Yoga Mat,273.36,5,0.0,1366.8,1366.8,851.25,515.55,Credit Card,Dec,12,Q4
ORD-2025-2172,2025-10-12 11:02:57.147623,North,Electronics,Smartphone,227.3,5,0.0,1136.5,1136.5,663.68,472.82,Credit Card,Oct,10,Q4
ORD-2025-2173,2025-01-10 17:09:15.462885,North,Sports & Outdoors,Dumbbell Set,350.16,2,0.15,700.32,595.27,384.03,211.24,UPI / Wallet,Jan,1,Q1
ORD-2025-2174,2025-07-27 15:40:23.019182,West,Home & Kitchen,Blender,203.63,5,0.0,1018.15,1018.15,548.13,470.02,Credit Card,Jul,7,Q3
ORD-2025-2175,2025-07-19 10:56:56.847372,East,Electronics,Smartwatch,304.12,5,0.0,1520.6,1520.6,1177.0,343.6,UPI / Wallet,Jul,7,Q3
ORD-2025-2176,2025-06-05 03:10:57.547956,South,Apparel,Jeans,132.66,1,0.0,132.66,132.66,87.32,45.34,Credit Card,Jun,6,Q2
ORD-2025-2177,2025-03-20 00:31:13.561301,North,Apparel,Jeans,27.43,5,0.1,137.15,123.44,73.96,49.48,Credit Card,Mar,3,Q1
ORD-2025-2178,2025-02-20 02:12:06.605504,North,Home & Kitchen,Blender,345.65,3,0.05,1036.95,985.1,663.1,322.0,,Feb,2,Q1
ORD-2025-2179,2025-05-28 13:01:51.092577,East,Electronics,Headphones,839.74,2,0.1,1679.48,1511.53,1038.95,472.58,Credit Card,May,5,Q2
ORD-2025-2180,2025-06-29 10:04:06.205170,North,Beauty & Care,Hair Dryer,66.92,3,0.0,200.76,200.76,98.0,102.76,UPI / Wallet,Jun,6,Q2
ORD-2025-2181,2025-03-05 18:04:30.225187,West,Apparel,Jacket,74.62,3,0.1,223.86,201.47,116.42,85.05,Credit Card,Mar,3,Q1
ORD-2025-2182,2025-08-17 21:41:53.094245,North,Electronics,Smartphone,646.34,4,0.0,2585.36,2585.36,1494.64,1090.72,Debit Card,Aug,8,Q3
ORD-2025-2183,2025-08-15 18:41:44.086738,North,Sports & Outdoors,Yoga Mat,152.11,1,0.0,152.11,152.11,93.0,59.11,Credit Card,Aug,8,Q3
ORD-2025-2184,2025-05-08 04:51:50.592160,North,Electronics,Smartwatch,591.07,3,0.05,1773.21,1684.55,1002.46,682.09,Credit Card,May,5,Q2
ORD-2025-2185,2025-12-30 02:08:30.425354,East,Electronics,Smartwatch,955.03,3,0.15,2865.09,2435.33,1882.16,553.17,Credit Card,Dec,12,Q4
ORD-2025-2186,2025-09-23 08:01:36.080066,North,Electronics,Smartwatch,1089.1,3,0.0,3267.3,3267.3,1860.89,1406.41,Cash on Delivery,Sep,9,Q3
ORD-2025-2187,2025-01-17 09:26:52.343619,South,Home & Kitchen,Air Fryer,42.72,3,0.05,128.16,121.75,73.26,48.49,Credit Card,Jan,1,Q1
ORD-2025-2188,2025-07-16 17:22:28.123436,West,Beauty & Care,Perfume,40.89,4,0.0,163.56,163.56,122.89,40.67,Credit Card,Jul,7,Q3
ORD-2025-2189,2025-06-28 12:12:36.630525,East,Apparel,Jacket,163.04,4,0.0,652.16,652.16,322.86,329.3,Credit Card,Jun,6,Q2
ORD-2025-2190,2025-08-04 13:06:39.332777,North,Home & Kitchen,Coffee Maker,104.92,3,0.0,314.76,314.76,242.87,71.89,Credit Card,Aug,8,Q3
ORD-2025-2191,2025-05-01 05:17:03.853211,North,Electronics,Laptop,876.79,1,0.15,876.79,745.27,438.99,306.28,UPI / Wallet,May,5,Q2
ORD-2025-2192,2025-05-27 00:36:01.801501,East,Home & Kitchen,Coffee Maker,258.19,2,0.0,516.38,516.38,391.48,124.9,Credit Card,May,5,Q2
ORD-2025-2193,2025-01-20 10:18:30.925771,North,Electronics,Smartphone,890.08,5,0.05,4450.4,4227.88,3112.73,1115.15,Credit Card,Jan,1,Q1
ORD-2025-2194,2025-03-03 00:30:01.501251,West,Beauty & Care,Skincare Set,97.6,4,0.15,390.4,331.84,187.76,144.08,Credit Card,Mar,3,Q1
ORD-2025-2195,2025-02-04 21:53:53.694745,North,Apparel,Jacket,177.97,2,0.0,355.94,355.94,263.51,92.43,Credit Card,Feb,2,Q1
ORD-2025-2196,2025-07-11 20:47:50.391993,West,Home & Kitchen,Coffee Maker,51.65,4,0.2,206.6,165.28,88.87,76.41,UPI / Wallet,Jul,7,Q3
ORD-2025-2197,2025-08-13 08:24:25.221017,North,Beauty & Care,Perfume,32.91,3,0.0,98.73,98.73,53.28,45.45,Credit Card,Aug,8,Q3
ORD-2025-2198,2025-04-03 14:15:06.755629,South,Sports & Outdoors,Bicycle,387.61,1,0.0,387.61,387.61,214.34,173.27,Debit Card,Apr,4,Q2
ORD-2025-2199,2025-07-23 16:57:14.862385,West,Home & Kitchen,Cookware Set,143.92,3,0.0,431.76,431.76,332.16,99.6,Cash on Delivery,Jul,7,Q3
